text,full_text,reply_count,retweet_count,favorite_count,source,created_at,entities,quote_count,quoted_status,id
"@MedawarLana ุฑูุงุถ ุณูุงูุฉ ูููุฏุณ ุงููุณุงุฏ ูุนุฑุงุจ ุงููุงุณุฏูู ูุงููููู ุงูุฃุณุงุณู ููุณูุงุณุงุช ุงููุงููุฉ ุงููุฏูุฑุฉ
#ูุณูุท_ุญูู_ุงููุตุฑู","@MedawarLana ุฑูุงุถ ุณูุงูุฉ ูููุฏุณ ุงููุณุงุฏ ูุนุฑุงุจ ุงููุงุณุฏูู ูุงููููู ุงูุฃุณุงุณู ููุณูุงุณุงุช ุงููุงููุฉ ุงููุฏูุฑุฉ
#ูุณูุท_ุญูู_ุงููุตุฑู",0,0,0,"<a href=""http://twitter.com/download/android"" rel=""nofollow"">Twitter for Android</a>",Thu Nov 28 23:10:44 +0000 2019,{},0,,1200190316164395008
"#ุดุนุจ_ุงูุณููุฏ

ุจุงูููุช ููู ุงูุฅุนูุงู ูุจุนุถ ุงูุญุงูุฏูู ุนู ูุญุงูููุง ูุดูููุง ุตูุฑุฉ ูุงูุจูุฆุฉ (ูููุงุช ุทุจุนุงู) ุฃุจูุงุกูุง ุงููุงุณ ุงูุทูุจูู ุงูโฆ https://t.co/YDIOyUBS5l","#ุดุนุจ_ุงูุณููุฏ

ุจุงูููุช ููู ุงูุฅุนูุงู ูุจุนุถ ุงูุญุงูุฏูู ุนู ูุญุงูููุง ูุดูููุง ุตูุฑุฉ ูุงูุจูุฆุฉ (ูููุงุช ุทุจุนุงู) ุฃุจูุงุกูุง ุงููุงุณ ุงูุทูุจูู ุงูุตุงุฏููู ุดุงุนุฑูู ุจุจุนุถูู ุงูุจุนุถ ูุนู ูุญุงูููุง ูุชุณุงุนุฏูุง ุจูุงูุฉ ุงููุณุงุฆู ุจุธู ุงูุฃุฒูุฉ ุงูุฅูุชุตุงุฏูุฉ ููุฑู ุงูุฏููุงุฑ ุนุงูููุฑุฉ. 

#ูุณูุท_ุญูู_ุงููุตุฑู https://t.co/LTcrDqpUsj",1,3,9,"<a href=""http://twitter.com/download/iphone"" rel=""nofollow"">Twitter for iPhone</a>",Thu Nov 28 22:59:06 +0000 2019,{},0,,1200187389232242688
"ุนุตุญุฉ ุงูุณูุงูุฉ... ุญุฑุงูู ุญุฑุงูู ุฑูุงุถ ุณูุงูุฉ ุญุฑุงูู
#ูุณูุท_ุญูู_ุงููุตุฑู https://t.co/2Yc5xD2Kzi","ุนุตุญุฉ ุงูุณูุงูุฉ... ุญุฑุงูู ุญุฑุงูู ุฑูุงุถ ุณูุงูุฉ ุญุฑุงูู
#ูุณูุท_ุญูู_ุงููุตุฑู https://t.co/2Yc5xD2Kzi",0,0,3,"<a href=""http://twitter.com/download/android"" rel=""nofollow"">Twitter for Android</a>",Thu Nov 28 22:18:41 +0000 2019,{'media': [{'url': 'https://t.co/2Yc5xD2Kzi'}]},0,,1200177216421842944
ุงูุจูุตูุฉ ุตุญ ูุง ุดุจุงุจุ ูู ุฃูุงู ูุฑูุณุง ุจูู ุฎูุงู ุงููุฏูุฉ ุงูุญูุงุฑูุฉ ูุน @mzbeeb ุงูุฃุณูุฑ ุงููุญุฑุฑ ุฃููุฑ ูุงุณูู #ูุณูุท_ุญูู_ุงููุตุฑู https://t.co/tUvSlx6nQp,ุงูุจูุตูุฉ ุตุญ ูุง ุดุจุงุจุ ูู ุฃูุงู ูุฑูุณุง ุจูู ุฎูุงู ุงููุฏูุฉ ุงูุญูุงุฑูุฉ ูุน @mzbeeb ุงูุฃุณูุฑ ุงููุญุฑุฑ ุฃููุฑ ูุงุณูู #ูุณูุท_ุญูู_ุงููุตุฑู https://t.co/tUvSlx6nQp,0,0,2,"<a href=""http://twitter.com/download/iphone"" rel=""nofollow"">Twitter for iPhone</a>",Thu Nov 28 22:13:34 +0000 2019,{'media': [{'url': 'https://t.co/tUvSlx6nQp'}]},0,,1200175930636939265
"ูุงุฒู ููุงุทุน ุงูุฏููุงุฑ ุจุงูุฏุงุฎู
ููุงุฒู ูุง ููุจู ูุฏูุน ุฅูุง ุจุงููุจูุงูู
ูุญู ุนู ูุณุงุนุฏ ุนูู ุฃุฐูุฉ ุฃููุณูุง ููู
ูุงุฒู ููุงุทุน ูุงููุง ุงูุตูุฑโฆ https://t.co/ftl7pSjUen","ูุงุฒู ููุงุทุน ุงูุฏููุงุฑ ุจุงูุฏุงุฎู
ููุงุฒู ูุง ููุจู ูุฏูุน ุฅูุง ุจุงููุจูุงูู
ูุญู ุนู ูุณุงุนุฏ ุนูู ุฃุฐูุฉ ุฃููุณูุง ููู
ูุงุฒู ููุงุทุน ูุงููุง ุงูุตูุฑูุฉ ุจููุฒู ุงูุฏููุงุฑ ููุฃุฑุถ
#ูุณูุท_ุญูู_ุงููุตุฑู
#ุชูุนูุฉ https://t.co/mf3OKZ0UAn",0,0,1,"<a href=""http://twitter.com/download/android"" rel=""nofollow"">Twitter for Android</a>",Thu Nov 28 22:02:11 +0000 2019,{},0,,1200173066288062467
ุตุจุงุญุง ูุงู ุตุฑู ุงูุฏููุงุฑ ุจูู ูขูฃูู ู ูขูคูู ุ ุฃูุง ูู ููุงูุฉ ุงูููู ุณุฌู ูกูฆูฅู . ูุนูู ุ ุฅูุง ุนู ุชุดุชุบููุง ุจุงูุนุงูู ู ุจูุงู ุงูุนุงูู ุโฆ https://t.co/iI7F0vQfzZ,"ุตุจุงุญุง ูุงู ุตุฑู ุงูุฏููุงุฑ ุจูู ูขูฃูู ู ูขูคูู ุ ุฃูุง ูู ููุงูุฉ ุงูููู ุณุฌู ูกูฆูฅู . ูุนูู ุ ุฅูุง ุนู ุชุดุชุบููุง ุจุงูุนุงูู ู ุจูุงู ุงูุนุงูู ุ ุฃู ุงูุธุงูุฑ ูุงุทุฑูู ุฌูุฉ ุจุชูุจุถ ุจุงูุฏููุงุฑ ูุชุฌุจุฑููุง ุชุตุฑู ุจุณุนุฑ ูุงุทู 
#ุณูุท_ุงูููุงุน #ูุณูุท_ุญูู_ุงููุตุฑู",0,0,0,"<a href=""http://twitter.com/download/android"" rel=""nofollow"">Twitter for Android</a>",Thu Nov 28 21:51:00 +0000 2019,{},0,,1200170251591331848
"ุงููู ูุณุชุฑ ุงูุตุฑุงููู ูู ุบุถุจ ุดู ูุงุญุฏ ุงูุฎุฑุจ ุจูุชู..
ูุนูู ูููู ุน ุฌููู ุงูุฅููุงุณ ูููุตูู ุดู ุตุฑุงู ููุง ูข ููุง ูฃ ุจุบุฑุถ ูุฑุจู ูููู ุงโฆ https://t.co/serauhXvjw","ุงููู ูุณุชุฑ ุงูุตุฑุงููู ูู ุบุถุจ ุดู ูุงุญุฏ ุงูุฎุฑุจ ุจูุชู..
ูุนูู ูููู ุน ุฌููู ุงูุฅููุงุณ ูููุตูู ุดู ุตุฑุงู ููุง ูข ููุง ูฃ ุจุบุฑุถ ูุฑุจู ูููู ุงูุจุงูููู..ูุชุทูุน ุงููุดู ูููู ุจูุง ุงูู #ุฑูุงุถ_ุณูุงูุฉ ูุชุฎุจู..
ุนูููุนุจูุง ุจุฃุฑุฒุงู ุงููุงุณ ููุง ุจุนุฏุงุฏ ุฃุนูุงุฑููุ! 
#ูุณูุท_ุญูู_ุงููุตุฑู",0,0,11,"<a href=""http://twitter.com/download/iphone"" rel=""nofollow"">Twitter for iPhone</a>",Thu Nov 28 21:38:08 +0000 2019,{},0,,1200167013248897026
"ุงุฐุง ุญุงุตุฑููุง ุงูุชุตุงุฏููุงุ ูุฏุง #ุงูููุงููุฉุ ูุญู ุฃุจูุงุก ุดูุฑ ุฑูุถุงู..
#ุงูุฏููุงุฑ #ูุณูุท_ุญูู_ุงููุตุฑู","ุงุฐุง ุญุงุตุฑููุง ุงูุชุตุงุฏููุงุ ูุฏุง #ุงูููุงููุฉุ ูุญู ุฃุจูุงุก ุดูุฑ ุฑูุถุงู..
#ุงูุฏููุงุฑ #ูุณูุท_ุญูู_ุงููุตุฑู",1,0,4,"<a href=""http://twitter.com/download/iphone"" rel=""nofollow"">Twitter for iPhone</a>",Thu Nov 28 21:32:50 +0000 2019,{},0,,1200165680286511104
"ุณูุงูุฉ ูุง ุฌุจุงู.. ูุง ุนููู ุงูุฃูุฑููุงู .. ุฅุฑุญู ุนู ูุตุฑู ูุจูุงู .. ุงุฑุญู ุงุฑุญู ููุง ุงุฑุญู .. ุดุนุจู ูุงุนู ููู ุงูุจู
#ูุณูุท_ุญูู_ุงููุตุฑู
#ุตูุจ_ุนุงููุตุฑู โค๏ธ","ุณูุงูุฉ ูุง ุฌุจุงู.. ูุง ุนููู ุงูุฃูุฑููุงู .. ุฅุฑุญู ุนู ูุตุฑู ูุจูุงู .. ุงุฑุญู ุงุฑุญู ููุง ุงุฑุญู .. ุดุนุจู ูุงุนู ููู ุงูุจู
#ูุณูุท_ุญูู_ุงููุตุฑู
#ุตูุจ_ุนุงููุตุฑู โค๏ธ",0,0,0,"<a href=""http://twitter.com/download/android"" rel=""nofollow"">Twitter for Android</a>",Thu Nov 28 21:32:18 +0000 2019,{},0,,1200165546521767938
"ูููู ููุฑุฉ ุงูุง ุงูุชู #ุฏููุงุฑ 
#ูุณูุท_ุญูู_ุงููุตุฑู","ูููู ููุฑุฉ ุงูุง ุงูุชู #ุฏููุงุฑ 
#ูุณูุท_ุญูู_ุงููุตุฑู",0,0,2,"<a href=""http://twitter.com/download/iphone"" rel=""nofollow"">Twitter for iPhone</a>",Thu Nov 28 21:23:55 +0000 2019,{},0,,1200163434563874825
ุงูุง ูุง ุจููู ุจุงูุณูุงุณุงุช ุงูุงูุชุตุงุฏูุฉุููุง ุนูุฏู ุงููุงู ุจุงุณุนุงุฑ ุงูุนููุงุช ูุนูููุงุช ุงูุนุฑุถ ูุงูุทูุจุ ุจุณ ุงุฐุง ุจุนุฏ ูู ููู ุจูุฑุฌุน ุจูุทูุนโฆ https://t.co/kHe8oXQ8TH,ุงูุง ูุง ุจููู ุจุงูุณูุงุณุงุช ุงูุงูุชุตุงุฏูุฉุููุง ุนูุฏู ุงููุงู ุจุงุณุนุงุฑ ุงูุนููุงุช ูุนูููุงุช ุงูุนุฑุถ ูุงูุทูุจุ ุจุณ ุงุฐุง ุจุนุฏ ูู ููู ุจูุฑุฌุน ุจูุทูุน ุณุนุฑ ุงูุฏููุงุฑุ ูู ุณูุญุช ุจุชูุชุญ ุชูู ูุญุงูู ูุฑูุงู ุญุท ุงุฌุฑู ููู ุงุฐุง ุจุนุฏ ุจุชููู ุงูุช ุนูุฏู ุญุณ ูุคุงูุฑู. #ูุฒูุช #ูุณูุท_ุฑูุงุถ_ุณูุงูุฉ #ูุณูุท_ุญูู_ุงููุตุฑู,0,0,1,"<a href=""http://twitter.com/download/iphone"" rel=""nofollow"">Twitter for iPhone</a>",Thu Nov 28 21:13:43 +0000 2019,{},0,,1200160868375388160
"ูุทูุจ ุงุนุงุฏุฉ ุงูุงููุงู ุงูููููุจู ุงูุชู ูุฑุจุช ุจูุงุณุทุฉ ูุตุฑู ูุจูุงู

#ูุณูุท_ุญูู_ุงููุตุฑู 
#ุฑูุงุถ_ุณูุงูุฉ_ุญุฑุงูู https://t.co/iRfToHJjh8","ูุทูุจ ุงุนุงุฏุฉ ุงูุงููุงู ุงูููููุจู ุงูุชู ูุฑุจุช ุจูุงุณุทุฉ ูุตุฑู ูุจูุงู

#ูุณูุท_ุญูู_ุงููุตุฑู 
#ุฑูุงุถ_ุณูุงูุฉ_ุญุฑุงูู https://t.co/iRfToHJjh8",0,0,0,"<a href=""http://twitter.com/download/android"" rel=""nofollow"">Twitter for Android</a>",Thu Nov 28 21:06:53 +0000 2019,{'media': [{'url': 'https://t.co/iRfToHJjh8'}]},0,,1200159146953326592
"ุฑุงุญ ูุฌุจููุง ุงูุฏููุงุฑุงุช ุงูุบุงุงุงุงููููู

#ุจุชุนุฑู_ุฑูุงุถ ุ
#ูุณูุท_ุญูู_ุงููุตุฑู https://t.co/6pGZMo8yco","ุฑุงุญ ูุฌุจููุง ุงูุฏููุงุฑุงุช ุงูุบุงุงุงุงููููู

#ุจุชุนุฑู_ุฑูุงุถ ุ
#ูุณูุท_ุญูู_ุงููุตุฑู https://t.co/6pGZMo8yco",1,0,4,"<a href=""http://twitter.com/download/iphone"" rel=""nofollow"">Twitter for iPhone</a>",Thu Nov 28 20:54:11 +0000 2019,{},0,{},1200155950210007040
"ุงูุญุฑูุฉ (ูกูฆ) ุซูุฑุฉ ุงูุจุญุซ ุนู ูุนูู ููุบุฒู ููุตูุฑ | #ุงููุถู_ุดูู

https://t.co/v5cgGzevHD

#ูุจูุงู_ููุชูุถ
#ุซูุฑุฉ_ูุจูุงู
#ุงูุดุนุจ_ูุฑูุฏ_ุงุณูุงุท_ุงููุธุงู
#ููู_ูุนูู_ููู
#ูุณูุท_ุญูู_ุงููุตุฑู 
#ุงููุณุงุฏ
#ุงููุฏุฑ
#ุงูุถุฑุงุฆุจ
#ููููุงุช_ุซูุฑุฉ 
#ุงูุทุงุฆููุฉ
#ุงููุชูุฉ
#ูุตุฑู_ูุจูุงู
#ุงูุฏููุงุฑ https://t.co/DK7FfnJVwv","ุงูุญุฑูุฉ (ูกูฆ) ุซูุฑุฉ ุงูุจุญุซ ุนู ูุนูู ููุบุฒู ููุตูุฑ | #ุงููุถู_ุดูู

https://t.co/v5cgGzevHD

#ูุจูุงู_ููุชูุถ
#ุซูุฑุฉ_ูุจูุงู
#ุงูุดุนุจ_ูุฑูุฏ_ุงุณูุงุท_ุงููุธุงู
#ููู_ูุนูู_ููู
#ูุณูุท_ุญูู_ุงููุตุฑู 
#ุงููุณุงุฏ
#ุงููุฏุฑ
#ุงูุถุฑุงุฆุจ
#ููููุงุช_ุซูุฑุฉ 
#ุงูุทุงุฆููุฉ
#ุงููุชูุฉ
#ูุตุฑู_ูุจูุงู
#ุงูุฏููุงุฑ https://t.co/DK7FfnJVwv",,2,12,"<a href=""https://mobile.twitter.com"" rel=""nofollow"">Twitter Web App</a>",Fri Nov 29 08:04:16 +0000 2019,{'media': [{'url': 'https://t.co/DK7FfnJVwv'}]},,,1200324584920223744
"ููุงุช ููุงูุญุฉ ุงูุดุบุจ ุชุนุชุฏู ุนูู ุงููุชุธุงูุฑูู ุนูุฏ ูุจูู ุงูTVA.

ุงูู ูุงุฏุฑ ููุฒู ููุฒูุ ุงูุดุจุงุจ ูุงูุตุจุงูุง ุจุญุงุฌุฉ ููุฏุนู.

#ูุณูุท_ุญูู_ุงููุตุฑู.
#ูุณูุท_ุฑูุงุถ_ุณูุงูุฉ.
#ูุจูุงู_ููุชูุถ.","ููุงุช ููุงูุญุฉ ุงูุดุบุจ ุชุนุชุฏู ุนูู ุงููุชุธุงูุฑูู ุนูุฏ ูุจูู ุงูTVA.

ุงูู ูุงุฏุฑ ููุฒู ููุฒูุ ุงูุดุจุงุจ ูุงูุตุจุงูุง ุจุญุงุฌุฉ ููุฏุนู.

#ูุณูุท_ุญูู_ุงููุตุฑู.
#ูุณูุท_ุฑูุงุถ_ุณูุงูุฉ.
#ูุจูุงู_ููุชูุถ.",,0,2,"<a href=""http://twitter.com/download/android"" rel=""nofollow"">Twitter for Android</a>",Fri Nov 29 07:42:27 +0000 2019,{},,,1200319093229989888
"ูุง ููุณุฑ ุงูุนุฏู ุฅูุง ุจุงูุชุถุงูู ูุงูููุงุฌูุฉ.
ุจูุฑูุช ุฌููุฏูู
#ูุณูุท_ุญูู_ุงููุตุฑู
#ูุณูุท_ุญูู_ุงูุฏููุงุฑ https://t.co/IzMnslEiBd","ูุง ููุณุฑ ุงูุนุฏู ุฅูุง ุจุงูุชุถุงูู ูุงูููุงุฌูุฉ.
ุจูุฑูุช ุฌููุฏูู
#ูุณูุท_ุญูู_ุงููุตุฑู
#ูุณูุท_ุญูู_ุงูุฏููุงุฑ https://t.co/IzMnslEiBd",,2,5,"<a href=""http://twitter.com/download/android"" rel=""nofollow"">Twitter for Android</a>",Fri Nov 29 07:18:24 +0000 2019,{'media': [{'url': 'https://t.co/IzMnslEiBd'}]},,,1200313041688125442
"ุฒุนูุงุก ุงูุณูุทุฉ ุงููุงุณุฏุฉ ูุจุฑูุง ุงูููุฑ ูุงูููุฑุงุก ูุงูุซูุฑุฉ ูุงูุซูุงุฑ ูุงูููุง ุงูุงุฎุถุฑ ูุงููุงุจุณ ๐คฃ๐คฃ๐คฃ
#ูุณูุท_ุญูู_ุงููุตุฑู https://t.co/G0oUgZyZpt","ุฒุนูุงุก ุงูุณูุทุฉ ุงููุงุณุฏุฉ ูุจุฑูุง ุงูููุฑ ูุงูููุฑุงุก ูุงูุซูุฑุฉ ูุงูุซูุงุฑ ูุงูููุง ุงูุงุฎุถุฑ ูุงููุงุจุณ ๐คฃ๐คฃ๐คฃ
#ูุณูุท_ุญูู_ุงููุตุฑู https://t.co/G0oUgZyZpt",,2,3,"<a href=""http://twitter.com/download/android"" rel=""nofollow"">Twitter for Android</a>",Fri Nov 29 07:15:18 +0000 2019,{},,"{'full_text': 'ุฒุนูุงุก ุงูุณูุทุฉ ุงููุงุณุฏุฉ ูุจุฑู ุงูููุฑ\nู""ุงูุซูุฑุฉ"" ุงููุฒุนููุฉ ุฑุญ ุชูุจุฑ ุงูููุฑุงุก\n#ุจุฃุณุชุซูุงุก'}",1200312260373221377
"ูุซู ุงูุนุงุฏุฉ ุดุนุจ ุงูููุงููุฉ ูู ุธูู ุงูุชุถููู ุงูุฅุนูุงููุ ู ุบูุงุจ ุงูุฏููุฉุ ุธูุฑุช ูุจุงุฏุฑุงุช ูุฑุฏูุฉ ูููุงูุญุฉ ุงูุงุฒูุฉ ุงูุฅูุชุตุงุฏูุฉ (ุญุชู ูู ุจุงููููู)ุ  ูุฃู ุงูููุงููุฉ ูุด ุจุณ ููุฏุงู...
ุฑุญูุงุกู ูููุง ุจูููู....
#ูุณูุท_ุญูู_ุงููุตุฑู
#ูุจูุงู_ููุชูุถ https://t.co/12yiJjzn3z","ูุซู ุงูุนุงุฏุฉ ุดุนุจ ุงูููุงููุฉ ูู ุธูู ุงูุชุถููู ุงูุฅุนูุงููุ ู ุบูุงุจ ุงูุฏููุฉุ ุธูุฑุช ูุจุงุฏุฑุงุช ูุฑุฏูุฉ ูููุงูุญุฉ ุงูุงุฒูุฉ ุงูุฅูุชุตุงุฏูุฉ (ุญุชู ูู ุจุงููููู)ุ  ูุฃู ุงูููุงููุฉ ูุด ุจุณ ููุฏุงู...
ุฑุญูุงุกู ูููุง ุจูููู....
#ูุณูุท_ุญูู_ุงููุตุฑู
#ูุจูุงู_ููุชูุถ https://t.co/12yiJjzn3z",,20,41,"<a href=""http://twitter.com/download/android"" rel=""nofollow"">Twitter for Android</a>",Fri Nov 29 07:10:16 +0000 2019,{'media': [{'url': 'https://t.co/12yiJjzn3z'}]},,,1200310994804846597
"ุงูุณูุงุฑุฉ ุงูุณููุชููุฏูุฉ๐
#ูุณูุท_ุญูู_ุงููุตุฑู
#ูุจูุงู_ูุชููุถ https://t.co/WjTGFrrcQA","ุงูุณูุงุฑุฉ ุงูุณููุชููุฏูุฉ๐
#ูุณูุท_ุญูู_ุงููุตุฑู
#ูุจูุงู_ูุชููุถ https://t.co/WjTGFrrcQA",,0,1,"<a href=""http://twitter.com/download/iphone"" rel=""nofollow"">Twitter for iPhone</a>",Fri Nov 29 07:04:22 +0000 2019,{},,{'full_text': 'ูู ุงูุงู ุงูTVA\n#ูุจูุงู_ููุชูุถ  https://t.co/e9pcohfA8A'},1200309510696570880
"ูุงู ุงูุดุนุจ ุบุงูู         ุนู ุณูุงุณุฉ ูุญุฑููุฉ
ูุนุฒู ุงูุจูุฏ ุญุงูู            ูุงููุงู ูุณุฑููุฉ
ุญุชู ุงูุชุตุงุฏูุง ููุงุฑ     ูุตุงุฑ ุงููุทู ููุญูุณ
ูุงุจููุณ ูููู ุตุงุฑ          ูุงุฎุฏ ุนุจุฑ ูุฏุฑูุณ

#ุจูุฏ_ูุง_ุจูุฏ
#ูุณูุท_ุญูู_ุงููุตุฑู","ูุงู ุงูุดุนุจ ุบุงูู         ุนู ุณูุงุณุฉ ูุญุฑููุฉ
ูุนุฒู ุงูุจูุฏ ุญุงูู            ูุงููุงู ูุณุฑููุฉ
ุญุชู ุงูุชุตุงุฏูุง ููุงุฑ     ูุตุงุฑ ุงููุทู ููุญูุณ
ูุงุจููุณ ูููู ุตุงุฑ          ูุงุฎุฏ ุนุจุฑ ูุฏุฑูุณ

#ุจูุฏ_ูุง_ุจูุฏ
#ูุณูุท_ุญูู_ุงููุตุฑู",,0,0,"<a href=""http://twitter.com/download/android"" rel=""nofollow"">Twitter for Android</a>",Fri Nov 29 06:57:17 +0000 2019,{},,,1200307725315563521
ููุก ุฅุฐุง ูููุงุชู ูุนูุง ูุถูู ูุฌูุจ ููุงููู ุงูุฏููุงุฑุงุช ุงูููุฏุนุฉ ุจุงุณูู ุจุงูุฎุงุฑุฌ ู ูุถุฎูุง ุจุงูุณูู .#ูุณูุท ุญูู ุงููุตุฑู,ููุก ุฅุฐุง ูููุงุชู ูุนูุง ูุถูู ูุฌูุจ ููุงููู ุงูุฏููุงุฑุงุช ุงูููุฏุนุฉ ุจุงุณูู ุจุงูุฎุงุฑุฌ ู ูุถุฎูุง ุจุงูุณูู .#ูุณูุท ุญูู ุงููุตุฑู,,0,0,"<a href=""http://twitter.com/download/android"" rel=""nofollow"">Twitter for Android</a>",Fri Nov 29 06:12:59 +0000 2019,{},,,1200296576847138816
ูุนู ุณุฃุฑุญู !!! ูููู ุฏูู ูุฏุงุนโน๏ธ #ุงูุฏููุงุฑ #ุตุจุงุญ_ุงูุฎูุฑ #ูุณูุท_ุญูู_ุงููุตุฑู,ูุนู ุณุฃุฑุญู !!! ูููู ุฏูู ูุฏุงุนโน๏ธ #ุงูุฏููุงุฑ #ุตุจุงุญ_ุงูุฎูุฑ #ูุณูุท_ุญูู_ุงููุตุฑู,,0,4,"<a href=""http://twitter.com/download/iphone"" rel=""nofollow"">Twitter for iPhone</a>",Fri Nov 29 05:27:16 +0000 2019,{},,,1200285072680792064
"ุงูุฏููุฉ ุชูุงุฒูุช ุนู ุณูุงุฏุชูุง ููููุงุถุงุฉ ุงูุงู ุงููุญุงูู ุงูุงููุฑููุฉ ููุง ููููู ุงููุญุงูู ูุฐู ุงู ุชุถุน ูุฏูุง ุนูู ุฃุตูู ุงูุฏููุฉ ูููุชููุงุชูุง ูุฃูููุง ุงูุฐูุจ. ุงูุฃุญุฒุงุจ ุงูุณูุงุณูุฉ ุงููู ุญุงููุชูุง ูุณุชููุฏุฉ ูู ุงูููุจ ู ูุทูุดุฉ ุทุงููุง ูู ูุตุงุฑู ุชุณุฑูู . 
#ูุณูุท_ุญูู_ุงููุงุณุฏ 
#ูุณูุท_ุฑูุงุถ_ุณูุงูุฉ 
#ูุณูุท_ุญูู_ุงููุตุฑู https://t.co/cj5KRomhax","ุงูุฏููุฉ ุชูุงุฒูุช ุนู ุณูุงุฏุชูุง ููููุงุถุงุฉ ุงูุงู ุงููุญุงูู ุงูุงููุฑููุฉ ููุง ููููู ุงููุญุงูู ูุฐู ุงู ุชุถุน ูุฏูุง ุนูู ุฃุตูู ุงูุฏููุฉ ูููุชููุงุชูุง ูุฃูููุง ุงูุฐูุจ. ุงูุฃุญุฒุงุจ ุงูุณูุงุณูุฉ ุงููู ุญุงููุชูุง ูุณุชููุฏุฉ ูู ุงูููุจ ู ูุทูุดุฉ ุทุงููุง ูู ูุตุงุฑู ุชุณุฑูู . 
#ูุณูุท_ุญูู_ุงููุงุณุฏ 
#ูุณูุท_ุฑูุงุถ_ุณูุงูุฉ 
#ูุณูุท_ุญูู_ุงููุตุฑู https://t.co/cj5KRomhax",,0,1,"<a href=""http://twitter.com/download/android"" rel=""nofollow"">Twitter for Android</a>",Fri Nov 29 03:38:17 +0000 2019,{},,{'full_text': 'ุจุนุฏูุง ูุถุญุชู ุญุฑูุฉ ููุงุทููู ูููุงุทูุงุช ูู ุฏููุฉ ููุฐ ุดูุฑูู ุนู ุชูุงุฒู ุงูุฏููุฉ ุนู ุณูุงุฏุชูุง ูู ุณูุฏุงุช ุงูุฎุฒููุฉ ุจุงูุนููุงุช ุงูุงุฌูุจูุฉ ูุชุชูุงุถู ุฃูุงู ูุญุงูู ููู ููุฑู ูู ุญุงู ุงู ุชุฎูู ุนู ุงูุฏูุนุ\nูุถูุญุฉ ุฃุฎุฑู ุจุฑุณู ุงูุณูุทุฉ ุงููุงููุฉ ุจุชูุงุฒููุง ุนู ููุน ุงูุฌูุงุช ุงูุฏุงุฆูุฉ ูู ููุงุถุงุฉ ุงูุฏููุฉ ูู ุญุงู ุฅุนุงุฏุฉ ููููุฉ ุฏูููุง ุงูุนุงู. https://t.co/mO6uB315vY'},1200257646114291712
ุฃุจู ูุฏููุ ููุฌููุนุฉ ุฃุดุฎุงุต ุจูุนุฑููุง ุญุงูููุ ุจููุจูุฑูุง ุงูููุจ. ูุง ููู ุงููุงุญุฏ ูููุง ูุดูู ููู ุดู ุฅููุง ูุง ูุฏุนููููู ููุฏุนู ูุฃูุงููููู ูุนูุงูููู โฅ๏ธ #ูุณูุท_ุญูู_ุงููุตุฑู #ูุจูุงู https://t.co/otVq3oFybE https://t.co/ZitbV6pbLs,ุฃุจู ูุฏููุ ููุฌููุนุฉ ุฃุดุฎุงุต ุจูุนุฑููุง ุญุงูููุ ุจููุจูุฑูุง ุงูููุจ. ูุง ููู ุงููุงุญุฏ ูููุง ูุดูู ููู ุดู ุฅููุง ูุง ูุฏุนููููู ููุฏุนู ูุฃูุงููููู ูุนูุงูููู โฅ๏ธ #ูุณูุท_ุญูู_ุงููุตุฑู #ูุจูุงู https://t.co/otVq3oFybE https://t.co/ZitbV6pbLs,,4,21,"<a href=""http://twitter.com/download/iphone"" rel=""nofollow"">Twitter for iPhone</a>",Fri Nov 29 00:06:22 +0000 2019,{'media': [{'url': 'https://t.co/ZitbV6pbLs'}]},,{'full_text': 'ุจูุง ุงู ุงูุง ุนูุฏู ุณูุจุฑ ูุงุฑูุช\nูู ุงูุดุจุงุจ ูู ุจุงูุญุฒุจ ูู ุจุชูุจุถ ุฏููุงุฑ ุชุฌู ุชุงุฎุฏ ูู ุนูุฏู ูู ุจุฏุง ูุงู ูุงูู ุจูุทุฑ ุนูููู ูุง ููุช ูุทูุน ุงูุฏููุงุฑ ููุตุฑูู ุนุงูุณุนุฑ ุงูุนุงูู ูุจูุนุทููู..\nุฒุนุฑุงู ุงูุตุฑุงููู ูุงููุตุงุฑู  ุนููุงุก ุตูุงููุฉ ุงููุฑูุงู  ูุง ุจูุณุชุงููู ุนู ูุชุขูุฑูุง ุนูู ุจูุฆุชูุง ูุดุนุจูุง\nุฃุฑุฌูุง ุงูุชุนููู๐น๐นโค๏ธโค๏ธ'},1200204318089064449
@MedawarLana ูุณูุท ุญูู ุงููุตุฑู ููุงููุงุช ุงููุตุงุฑู ูุงูููุฏุณุงุช ุงููุงููุฉ ุงููุฏูุฑุฉ,@MedawarLana ูุณูุท ุญูู ุงููุตุฑู ููุงููุงุช ุงููุตุงุฑู ูุงูููุฏุณุงุช ุงููุงููุฉ ุงููุฏูุฑุฉ,,0,0,"<a href=""http://twitter.com/download/android"" rel=""nofollow"">Twitter for Android</a>",Thu Nov 28 23:03:13 +0000 2019,{},,,1200188424453545990
"ูุฏ ูุง ุตุฑุช ููููุณ ุจุงููุชุณูููู ุนุงูุญุฑุงู ูููููู ุงูุงููู ููุฑุช ุฑูุงุถ ุณูุงูู ูุฒู ููุฏุงู ุงููุตุฑู ูุตุงุฑ ูุฑุฏุฏ ูุณูุท ูุณูุท ุญูู ุงููุตุฑู ุงูุฒูุนุช ูููู ุจุณ ุจุนุฏูู ูุณุชูุนุจุช ุงูู ููุฏู ุตุจูู ุญุงุทู ุตูุฑุชู ุนุง ูุฌููุง 
#ุงูุฏููุงุฑ https://t.co/wVl1uIibkR","ูุฏ ูุง ุตุฑุช ููููุณ ุจุงููุชุณูููู ุนุงูุญุฑุงู ูููููู ุงูุงููู ููุฑุช ุฑูุงุถ ุณูุงูู ูุฒู ููุฏุงู ุงููุตุฑู ูุตุงุฑ ูุฑุฏุฏ ูุณูุท ูุณูุท ุญูู ุงููุตุฑู ุงูุฒูุนุช ูููู ุจุณ ุจุนุฏูู ูุณุชูุนุจุช ุงูู ููุฏู ุตุจูู ุญุงุทู ุตูุฑุชู ุนุง ูุฌููุง 
#ุงูุฏููุงุฑ https://t.co/wVl1uIibkR",,0,10,"<a href=""http://twitter.com/download/android"" rel=""nofollow"">Twitter for Android</a>",Thu Nov 28 21:59:21 +0000 2019,{'media': [{'url': 'https://t.co/wVl1uIibkR'}]},,,1200172352740503552
"ููู ุงู Eurobond
ููู ุฏูู ุนูู ุงูุฏููุฉ ุฃู ุชุฏูุนูู ูููุตุงุฑู 
ูู ููุฑู ุฃูู ุนูููุง ุฏูุนูู ู Europe๐คฃ๐๐๐๐๐คฃ๐ฐ๐ฐ๐ฐ๐ฐ๐ฐ๐ฐ๐ฐ๐ฐ๐ฐ๐ฐ
ุงุฐู ููุฐูู ูุนููู ุฃุตุฑุญ ุฃูู ุนูููุง ุฃู ูููู ุฏุงุฆูุง"" ุจูุง ูุณุงูู ูููุฉ ุงูุจููุงุช ูู ููุง ูุญุชู ุฌุณุฑ ุงูุฑููุบ
ูุณูุท ูุณูุท ุญูู ุงููุตุฑู
ููููุง ูููุง ูููุง ูููุง ูู ุญูู ุงููุตุฑู ...   
ุทุนูุฑูู","ููู ุงู Eurobond
ููู ุฏูู ุนูู ุงูุฏููุฉ ุฃู ุชุฏูุนูู ูููุตุงุฑู 
ูู ููุฑู ุฃูู ุนูููุง ุฏูุนูู ู Europe๐คฃ๐๐๐๐๐คฃ๐ฐ๐ฐ๐ฐ๐ฐ๐ฐ๐ฐ๐ฐ๐ฐ๐ฐ๐ฐ
ุงุฐู ููุฐูู ูุนููู ุฃุตุฑุญ ุฃูู ุนูููุง ุฃู ูููู ุฏุงุฆูุง"" ุจูุง ูุณุงูู ูููุฉ ุงูุจููุงุช ูู ููุง ูุญุชู ุฌุณุฑ ุงูุฑููุบ
ูุณูุท ูุณูุท ุญูู ุงููุตุฑู
ููููุง ูููุง ูููุง ูููุง ูู ุญูู ุงููุตุฑู ...   
ุทุนูุฑูู",,0,0,"<a href=""http://www.facebook.com/twitter"" rel=""nofollow"">Facebook</a>",Thu Nov 28 20:48:04 +0000 2019,{},,,1200154413442248709
"ุจููุฒ ูุงุฑุง ุญุทู ูู ุงูุชููุช ููุงู:
ูุณูุท ูุณูุท ุญูู ุงููุตุฑู.

#ููููุงุช_ุซูุฑุฉ","ุจููุฒ ูุงุฑุง ุญุทู ูู ุงูุชููุช ููุงู:
ูุณูุท ูุณูุท ุญูู ุงููุตุฑู.

#ููููุงุช_ุซูุฑุฉ",,5,25,"<a href=""http://twitter.com/download/android"" rel=""nofollow"">Twitter for Android</a>",Thu Nov 28 20:44:34 +0000 2019,{},,,1200153530406965248
"""ุจุงููุณุจุฉ ูุจูุฑุง ุดูุ"" ุนููุงู ุฌูุณุชูุง ุงูุญูุงุฑูุฉ ุจูุฑุง ุงูุฌูุนุฉ ูุน ุงูุตุญุงูู ูุญูุฏ ูุฒุงู ุนุงููุตุฑู ุงูุณุงุนุฉ 6 ุงููุณุงุก.โฆ https://t.co/VGVMMtKSTm","""ุจุงููุณุจุฉ ูุจูุฑุง ุดูุ"" ุนููุงู ุฌูุณุชูุง ุงูุญูุงุฑูุฉ ุจูุฑุง ุงูุฌูุนุฉ ูุน ุงูุตุญุงูู ูุญูุฏ ูุฒุงู ุนุงููุตุฑู ุงูุณุงุนุฉ 6 ุงููุณุงุก.
#ูุณูุท_ุญูู_ุงููุตุฑู โ๐ผ #ูุจูุงู_ููุชูุถ @Nazzal_Mohammad
https://t.co/cx6dg4gCWG",0,0,0,"<a href=""http://twitter.com/download/android"" rel=""nofollow"">Twitter for Android</a>",Thu Nov 28 20:34:23 +0000 2019,{},0,,1200150969985720320
"@MTVLebanonNews ููุช ุจูุถู ูู ุจุชุจุญุซ ุฏููุชู ูุน ุงูุงุณุชุงุฐ ุฒูู ุนู ูกูก ูููุงุฑ ูุซูุง ูุด ุงุญุณู ุจูู ูุถุน
#ูุจูุงู_ููุชูุถ
#ูุณูุท_ุญูู_ุงููุตุฑู","@MTVLebanonNews ููุช ุจูุถู ูู ุจุชุจุญุซ ุฏููุชู ูุน ุงูุงุณุชุงุฐ ุฒูู ุนู ูกูก ูููุงุฑ ูุซูุง ูุด ุงุญุณู ุจูู ูุถุน
#ูุจูุงู_ููุชูุถ
#ูุณูุท_ุญูู_ุงููุตุฑู",0,0,0,"<a href=""http://twitter.com/download/iphone"" rel=""nofollow"">Twitter for iPhone</a>",Thu Nov 28 20:07:49 +0000 2019,{},0,,1200144284860796928
"ุญุณุจ ุชูุฏูุฑุงุช ุตูุฏูู ุงูููุฏ ุงูุฏูููุ ูุจูุงู(ุงุฐุง ุถู ูู ุจูุฏ) ุฑุญ ูุฏูุน ูฅููช ูู ููุงุฒูุฉ ูขููขู ูุณุฏุงุฏ ุงูุฏูู.
ูุนูู ุงู ุญู ูุง ูุชุถูู ุงูโฆ https://t.co/ZCacO0VxGU","ุญุณุจ ุชูุฏูุฑุงุช ุตูุฏูู ุงูููุฏ ุงูุฏูููุ ูุจูุงู(ุงุฐุง ุถู ูู ุจูุฏ) ุฑุญ ูุฏูุน ูฅููช ูู ููุงุฒูุฉ ูขููขู ูุณุฏุงุฏ ุงูุฏูู.
ูุนูู ุงู ุญู ูุง ูุชุถูู ุงูุบุงุก ุงูุฏูู (ุงููู ุงููุญูู ุงูุจุงูุบ ูฆูฃูชูู ูุฌูู ุงูุฏูู) ูู ุญูู ูุงุถู.
#ูุณูุท_ุญูู_ุงููุตุฑู",0,0,4,"<a href=""http://twitter.com/download/android"" rel=""nofollow"">Twitter for Android</a>",Thu Nov 28 20:05:55 +0000 2019,{},0,,1200143805451841538
"ูู ุญุงู ุดุชูุช ุญุฑุงู ุชุถููุง ุชุญุช ุงูุดุชู ุฎูุนูุง ุงูุจุงุจ ู ููุชูุง ุญุฑุงู ุชูุฑุถูุง 
#ูุณูุท_ุญูู_ุงููุตุฑู https://t.co/xC8NGZjU0e","ูู ุญุงู ุดุชูุช ุญุฑุงู ุชุถููุง ุชุญุช ุงูุดุชู ุฎูุนูุง ุงูุจุงุจ ู ููุชูุง ุญุฑุงู ุชูุฑุถูุง 
#ูุณูุท_ุญูู_ุงููุตุฑู https://t.co/xC8NGZjU0e",1,0,1,"<a href=""http://twitter.com/download/iphone"" rel=""nofollow"">Twitter for iPhone</a>",Thu Nov 28 19:56:28 +0000 2019,{},0,{},1200141427650564098
#ูุณูุท_ุญูู_ุงููุตุฑู https://t.co/ZwhNegr0gl,#ูุณูุท_ุญูู_ุงููุตุฑู https://t.co/ZwhNegr0gl,0,3,10,"<a href=""http://twitter.com/download/iphone"" rel=""nofollow"">Twitter for iPhone</a>",Thu Nov 28 19:40:00 +0000 2019,{'media': [{'url': 'https://t.co/ZwhNegr0gl'}]},0,,1200137284839976960
"ูููุงุฑ ู ูฅูจู ููููู $ ุงูุฏูุนูุง ู ุจุฑุงุช ุงูุจูุฏ! 
ูุด ุงูููุฏุนูู ุงุญู ููููุ
ู ูุงู ููุด ูุณูุท ุญูู ุงููุตุฑู","ูููุงุฑ ู ูฅูจู ููููู $ ุงูุฏูุนูุง ู ุจุฑุงุช ุงูุจูุฏ! 
ูุด ุงูููุฏุนูู ุงุญู ููููุ
ู ูุงู ููุด ูุณูุท ุญูู ุงููุตุฑู",,4,13,"<a href=""http://twitter.com/download/iphone"" rel=""nofollow"">Twitter for iPhone</a>",Thu Nov 28 19:31:34 +0000 2019,{},,,1200135161410707457
ุญูู ุบุงุจ ุงูุฅุนูุงู ุจููู ุชูููุนุงุชู ุนู ููู ุตูุฑุฉ ุงูุชุญุฑููุงุช ุงูุตูุงุฏูุฉ ุถุฏู ุณูุงุณุงุช ูุตุฑู ูุจูุงู .. ูุงูุช #ุงูููุงุฏูู ุญุงุถุฑุฉ ูุชููู ุงูโฆ https://t.co/KgMejlwNik,"ุญูู ุบุงุจ ุงูุฅุนูุงู ุจููู ุชูููุนุงุชู ุนู ููู ุตูุฑุฉ ุงูุชุญุฑููุงุช ุงูุตูุงุฏูุฉ ุถุฏู ุณูุงุณุงุช ูุตุฑู ูุจูุงู .. ูุงูุช #ุงูููุงุฏูู ุญุงุถุฑุฉ ูุชููู ุงููุงูุน ููุง ูู ูุชุตููุจ ุนูู ูุทุงูุจ ุงูููุงุณ ุงููุญููุฉ.
ูุนู ูููุทุงูุจ ุงููุนูุดูุฉ ุงููุญููุฉ ูุญู ุงูุชุธุงูุฑ ุงูุณููู ุจุนูุฏุง ุนู ุงูุฅุญุชูุงู ูุถุฏู ุณูุงุณุงุช ูุตุฑู ูุจูุงูโ๐ป
#ูุณูุท_ุญูู_ุงููุตุฑู https://t.co/rarWwgxWjQ",2,26,152,"<a href=""http://twitter.com/download/iphone"" rel=""nofollow"">Twitter for iPhone</a>",Thu Nov 28 19:17:49 +0000 2019,{},3,,1200131701789405187
#ูุณูุท_ุญูู_ุงููุตุฑู,#ูุณูุท_ุญูู_ุงููุตุฑู,0,0,4,"<a href=""http://twitter.com/download/iphone"" rel=""nofollow"">Twitter for iPhone</a>",Wed Nov 27 13:04:45 +0000 2019,{},0,"{'full_text': 'ูู ุงุฌุชูุงุน ุจุนุจุฏุง ุงููุงูู\n\nุงุตุฑู ุญุงูู ุงูุจูู ุงููุฑูุฒู ุฑูุงุถ ุณูุงูุฉ ุนูู ุงู ุงููุถุน ุงูููุฏู ""ูุณุชูุฑ"". ููุงู ""ูุง ูุฑุงู ูุง ูุนูุณ ุงููุงูุน ุงูุญูููู. ุจุณ ูุง ูููู ุงูุชุญ ุจุงุจ ุงูุงุณุชูุฑุงุฏุ ููุง ูููู ุงูุชุญ ุจุงุจ  ุงููุฏุงุฆุนุ ููุง ูููู ุงูุชุญ ุจุงุจ ุงูุชุญูููุงุช..."" \n""ูุง ูููู ุฅูุชุญ ุจุงุจ ุงููุฏุงุฆุน""\n#ุญุฑุงูู'}",1199675429696819202
"#ูุณูุท_ุญูู_ุงููุตุฑู
#ูุณูุท_ุฑูุงุถ_ุณูุงูุฉ
#ูุจูุงู_ููุชูุถ https://t.co/ws8e08oN4N","#ูุณูุท_ุญูู_ุงููุตุฑู
#ูุณูุท_ุฑูุงุถ_ุณูุงูุฉ
#ูุจูุงู_ููุชูุถ https://t.co/ws8e08oN4N",0,0,0,"<a href=""http://twitter.com/download/android"" rel=""nofollow"">Twitter for Android</a>",Thu Nov 28 19:02:28 +0000 2019,{},0,{},1200127835974897665
@lebanondebate @BDL_Lebanon ูุณูุท ุญูู ุงููุตุฑู,@lebanondebate @BDL_Lebanon ูุณูุท ุญูู ุงููุตุฑู,,0,0,"<a href=""http://twitter.com/download/android"" rel=""nofollow"">Twitter for Android</a>",Thu Nov 28 18:53:52 +0000 2019,{},,,1200125673471447041
"@Punisher921 @NourOusama @error_510 @ghaddar_sahar ุถุฎ ุงูุญุฒุจ ุงูููู ุญูุงูู ูคูฃ ููููู ุฏููุงุฑ ููุฏุงู ูู ุงูุฃุณูุงูุ ุฃุฑุจูุช ุณุนุฑ ุงูุตุฑู ููุจุท ุงูุฏููุงุฑ ูู ูขุูฃูฅู ุฅูู ูกุูงูฅู ู.ู ุฎูุงู ุณุงุนุงุช ููููุฉ...
ูุงุฐุง ูู ุฃุนุงุฏ ุญูุชุงู ุงููุงู ุฌุฒุก ูู ูููุงุฑุงุชูุง ุงูููููุจุฉ...ุ
#ุงูุฏููุงุฑ 
#ูุณูุท_ุญุงูู_ุงููุตุฑู
#ูุณูุท_ุญูู_ุงููุตุงุฑู","@Punisher921 @NourOusama @error_510 @ghaddar_sahar ุถุฎ ุงูุญุฒุจ ุงูููู ุญูุงูู ูคูฃ ููููู ุฏููุงุฑ ููุฏุงู ูู ุงูุฃุณูุงูุ ุฃุฑุจูุช ุณุนุฑ ุงูุตุฑู ููุจุท ุงูุฏููุงุฑ ูู ูขุูฃูฅู ุฅูู ูกุูงูฅู ู.ู ุฎูุงู ุณุงุนุงุช ููููุฉ...
ูุงุฐุง ูู ุฃุนุงุฏ ุญูุชุงู ุงููุงู ุฌุฒุก ูู ูููุงุฑุงุชูุง ุงูููููุจุฉ...ุ
#ุงูุฏููุงุฑ 
#ูุณูุท_ุญุงูู_ุงููุตุฑู
#ูุณูุท_ุญูู_ุงููุตุงุฑู",,1,4,"<a href=""http://twitter.com/download/iphone"" rel=""nofollow"">Twitter for iPhone</a>",Thu Nov 28 18:30:29 +0000 2019,{},,,1200119788372156417
@allah_lb ูุณูุท ูุณูุท ุญูู ุงููุตุฑู . ูุดู ุญุงูู ุุ,@allah_lb ูุณูุท ูุณูุท ุญูู ุงููุตุฑู . ูุดู ุญุงูู ุุ,,0,1,"<a href=""http://twitter.com/download/iphone"" rel=""nofollow"">Twitter for iPhone</a>",Thu Nov 28 18:29:33 +0000 2019,{},,,1200119553503707137
"ููุงู ุฃูุงู ูุตุฑู ูุจูุงูุ ุฃูุงู ูุฑู ุงููุณุงุฏ ุงูุฃูุจุฑุ ุฃูุงู ูุฑูุฒ ููุฏุณุฉ ุงูุณุฑูุงุช ูู ุฌููุจ ุงููุจูุงูููู.. ููุงู ุญูุซ ููุจุน ุงูุนูู ุงููุฏุจุฑ ููู ูุง ูุญู ููู ูู ูุณุงุฏ ู ุฅูููุงุฑ..

ููุงูุ ุงูุซูุฑุฉ ุงูุญููููุฉ ู ุงูุซุงุฆุฑูู ุงูุตุงุฏููู ุงูุญูููููู..

ูุณูุท ูุณูุท ุญูู ุงููุตุฑู..
#ูุจูุงู_ููุชูุถ https://t.co/aeTQK9gEnE","ููุงู ุฃูุงู ูุตุฑู ูุจูุงูุ ุฃูุงู ูุฑู ุงููุณุงุฏ ุงูุฃูุจุฑุ ุฃูุงู ูุฑูุฒ ููุฏุณุฉ ุงูุณุฑูุงุช ูู ุฌููุจ ุงููุจูุงูููู.. ููุงู ุญูุซ ููุจุน ุงูุนูู ุงููุฏุจุฑ ููู ูุง ูุญู ููู ูู ูุณุงุฏ ู ุฅูููุงุฑ..

ููุงูุ ุงูุซูุฑุฉ ุงูุญููููุฉ ู ุงูุซุงุฆุฑูู ุงูุตุงุฏููู ุงูุญูููููู..

ูุณูุท ูุณูุท ุญูู ุงููุตุฑู..
#ูุจูุงู_ููุชูุถ https://t.co/aeTQK9gEnE",,9,41,"<a href=""http://twitter.com/download/android"" rel=""nofollow"">Twitter for Android</a>",Thu Nov 28 18:14:48 +0000 2019,{'media': [{'url': 'https://t.co/aeTQK9gEnE'}]},,,1200115844073840642
@alimouinjaber ูุณูุท ูุณูุท  ุญูู ุงููุตุฑู โ๏ธ,@alimouinjaber ูุณูุท ูุณูุท  ุญูู ุงููุตุฑู โ๏ธ,,0,0,"<a href=""http://twitter.com/download/iphone"" rel=""nofollow"">Twitter for iPhone</a>",Thu Nov 28 17:35:43 +0000 2019,{},,,1200106006631587845
"ูููุณูุท ุญูู ุงูุตุฑุงู ููุฏ ุชู ุชุฎููุถ ุณุนุฑ ุตุฑู ุงูุฏููุงุฑ ุจุบูุฉ ุณูุจูู ุงูุฃููุงู ุจุณุนุฑ ูุชุฏูู.
ูุชููู ูููู ุตุฑู ุงูุฏููุงุฑ ูุฏู ุงูุชุฌุงุฑ ู ููุดุชุฑูุงุชูู ู ููุณ ูุฏู ุงูุตุฑุงู ุงููุชุญุงููุุงููุฐู ูุชูุงุนุจ ุจุงูุฃุณุนุงุฑ ุจุญุณุจ ูุตูุญุชู ุฅุฐ ูุดุชุฑู ุงูุฏููุงุฑ ููุท ููุง ูุจูุนู.
#ูุณูุท_ุญุงูู_ุงููุตุฑู","ูููุณูุท ุญูู ุงูุตุฑุงู ููุฏ ุชู ุชุฎููุถ ุณุนุฑ ุตุฑู ุงูุฏููุงุฑ ุจุบูุฉ ุณูุจูู ุงูุฃููุงู ุจุณุนุฑ ูุชุฏูู.
ูุชููู ูููู ุตุฑู ุงูุฏููุงุฑ ูุฏู ุงูุชุฌุงุฑ ู ููุดุชุฑูุงุชูู ู ููุณ ูุฏู ุงูุตุฑุงู ุงููุชุญุงููุุงููุฐู ูุชูุงุนุจ ุจุงูุฃุณุนุงุฑ ุจุญุณุจ ูุตูุญุชู ุฅุฐ ูุดุชุฑู ุงูุฏููุงุฑ ููุท ููุง ูุจูุนู.
#ูุณูุท_ุญุงูู_ุงููุตุฑู",,0,0,"<a href=""http://twitter.com/download/android"" rel=""nofollow"">Twitter for Android</a>",Thu Nov 28 17:34:26 +0000 2019,{},,,1200105682604896256
ุถุฑูุฑู ููุนูู ุดู ู ูุชุญุงุณุจ ูู ุดุฎุต ูุตููุง ูููู .. ุจุฏุงูุฉ ุจุญูุชุงู ุงููุงู ู ุงุตุญุงุจ ุงูุจููู ู ุงูู ุนูู ููุฏุณุงุช ูุงููุฉ !! ุบูุฑ ููู ุชุฌโฆ https://t.co/HgWaiVkEbM,ุถุฑูุฑู ููุนูู ุดู ู ูุชุญุงุณุจ ูู ุดุฎุต ูุตููุง ูููู .. ุจุฏุงูุฉ ุจุญูุชุงู ุงููุงู ู ุงุตุญุงุจ ุงูุจููู ู ุงูู ุนูู ููุฏุณุงุช ูุงููุฉ !! ุบูุฑ ููู ุชุฌููุท #ุงูุฏููุงุฑ #ูุจูุงู_ููุชูุถ #ูุณูุท_ุญูู_ุงููุตุฑู https://t.co/w2is0dxp9v,1,0,1,"<a href=""http://twitter.com/download/iphone"" rel=""nofollow"">Twitter for iPhone</a>",Thu Nov 28 17:18:13 +0000 2019,{},0,{},1200101602448879616
@eid_najem @Alkafi_13 ูุฌุชูุนู  ุฌููุน ุนูู ุงููุงุฐ ูููุฉ ุนูุดูู ูุชูุญุฏู ุญุชู ูุณูุท ุญูู ุงููุตุฑู,@eid_najem @Alkafi_13 ูุฌุชูุนู  ุฌููุน ุนูู ุงููุงุฐ ูููุฉ ุนูุดูู ูุชูุญุฏู ุญุชู ูุณูุท ุญูู ุงููุตุฑู,,0,1,"<a href=""http://twitter.com/download/android"" rel=""nofollow"">Twitter for Android</a>",Thu Nov 28 17:12:06 +0000 2019,{},,,1200100061172113410
"ูู ุงููุงุณ ุจุฏูุง ุชูุงูุฑ ูุชุบุงูุฑ ุจูุฏุฎูุฑุงุชูุง ูุงููุง ุญุทููู ุจุงููุงุฒููู ูุด ุจุงููุตุงุฑู
#ูุณูุท_ุญูู_ุงููุตุฑู https://t.co/T2zbB1Ypsz","ูู ุงููุงุณ ุจุฏูุง ุชูุงูุฑ ูุชุบุงูุฑ ุจูุฏุฎูุฑุงุชูุง ูุงููุง ุญุทููู ุจุงููุงุฒููู ูุด ุจุงููุตุงุฑู
#ูุณูุท_ุญูู_ุงููุตุฑู https://t.co/T2zbB1Ypsz",0,0,0,"<a href=""http://twitter.com/download/android"" rel=""nofollow"">Twitter for Android</a>",Thu Nov 28 16:40:39 +0000 2019,{'media': [{'url': 'https://t.co/T2zbB1Ypsz'}]},0,,1200092146445012992
@noha_Bdn ูุณูุท ุญูู ุงููุตุฑู,@noha_Bdn ูุณูุท ุญูู ุงููุตุฑู,,0,0,"<a href=""http://twitter.com/download/android"" rel=""nofollow"">Twitter for Android</a>",Thu Nov 28 16:38:32 +0000 2019,{},,,1200091615345418240
@khalil_charbel #ูุณูุท_ุญูู_ุงููุตุฑู,@khalil_charbel #ูุณูุท_ุญูู_ุงููุตุฑู,0,0,1,"<a href=""http://twitter.com/download/android"" rel=""nofollow"">Twitter for Android</a>",Thu Nov 28 16:22:50 +0000 2019,{},0,,1200087664407580678
"#_ูุณูุท_ูุณูุท_ุญูู_ุงููุตุฑู

ููุฏุง ุงูุชูุฌู ุงูุตุญูุญ 

ุงูุฅุญุชุฌุงุฌุงุช ุงูุงู ูุตุฑู ูุจูุงู","#_ูุณูุท_ูุณูุท_ุญูู_ุงููุตุฑู

ููุฏุง ุงูุชูุฌู ุงูุตุญูุญ 

ุงูุฅุญุชุฌุงุฌุงุช ุงูุงู ูุตุฑู ูุจูุงู",,1,7,"<a href=""http://twitter.com/download/android"" rel=""nofollow"">Twitter for Android</a>",Thu Nov 28 16:22:10 +0000 2019,{},,,1200087498552160257
ููู ูุงูุงุฑุชูุงุน ุงูุณุฑูุน ููุฏููุงุฑ ูขูคูู ุงูููู ุญุฏุง ูุฎุจุฑูุง ุดู ุงููุตุฉ ููู ุดูู ุจูุทูุน ุงูุญุงูู ุจูููู ุงูููุฑุฉ ุจุฎูุฑ #_ูุณูุท_ุญูู_ุงููุตุฑู,ููู ูุงูุงุฑุชูุงุน ุงูุณุฑูุน ููุฏููุงุฑ ูขูคูู ุงูููู ุญุฏุง ูุฎุจุฑูุง ุดู ุงููุตุฉ ููู ุดูู ุจูุทูุน ุงูุญุงูู ุจูููู ุงูููุฑุฉ ุจุฎูุฑ #_ูุณูุท_ุญูู_ุงููุตุฑู,,0,0,"<a href=""http://twitter.com/download/android"" rel=""nofollow"">Twitter for Android</a>",Thu Nov 28 16:17:48 +0000 2019,{},,,1200086396565905410
"Central Bank protests getting more incendiary and close to the entrance.

#LebanonProtests
#ูุจูุงู_ููุชูุถโฆ https://t.co/byDTDZFezz","Central Bank protests getting more incendiary and close to the entrance.

#LebanonProtests
#ูุจูุงู_ููุชูุถ
#ูุณูุท_ุญูู_ุงููุตุฑู https://t.co/Wm0JtnOckm",0,0,5,"<a href=""http://twitter.com/download/android"" rel=""nofollow"">Twitter for Android</a>",Thu Nov 28 16:05:35 +0000 2019,{},0,,1200083323969843200
"#ูุณูุท_ูุณูุท_ุญูู_ุงููุตุฑู
ููุฏู ุงูุดุนุงุฑุงุช ููู ุจูุดุช ุงูุงูุชูุงุถุฉ","#ูุณูุท_ูุณูุท_ุญูู_ุงููุตุฑู
ููุฏู ุงูุดุนุงุฑุงุช ููู ุจูุดุช ุงูุงูุชูุงุถุฉ",,0,0,"<a href=""http://www.facebook.com/twitter"" rel=""nofollow"">Facebook</a>",Thu Nov 28 15:53:01 +0000 2019,{},,,1200080159598092288
"ุดุจูุฉ ุงูุฅูุชุฑูุช ูุญุธูุฑุฉ ูู ูุญูุท ูุตุฑู ูุจูุงู ูู ููู ุจููุฏูุฑูุง ุงูููู ุงููุจุงุดุฑ ุนุจุฑ ุชุทุจูู ููุณ ุจูู
ูุณูุท ุญูู ุงููุตุฑู ุงูุฎููุณ ูขูจ ุชุดุฑูู ุงูุซุงูู ูขููกูฉ ุงูุณุงุนุฉ ุงูุฑุงุจุนุฉ ูุงููุตู https://t.co/gWQWZjCFvK","ุดุจูุฉ ุงูุฅูุชุฑูุช ูุญุธูุฑุฉ ูู ูุญูุท ูุตุฑู ูุจูุงู ูู ููู ุจููุฏูุฑูุง ุงูููู ุงููุจุงุดุฑ ุนุจุฑ ุชุทุจูู ููุณ ุจูู
ูุณูุท ุญูู ุงููุตุฑู ุงูุฎููุณ ูขูจ ุชุดุฑูู ุงูุซุงูู ูขููกูฉ ุงูุณุงุนุฉ ุงูุฑุงุจุนุฉ ูุงููุตู https://t.co/gWQWZjCFvK",,0,2,"<a href=""http://twitter.com/download/android"" rel=""nofollow"">Twitter for Android</a>",Thu Nov 28 15:28:59 +0000 2019,{'media': [{'url': 'https://t.co/gWQWZjCFvK'}]},,,1200074113655681025
"@Hasanillaik #ูุณูุท_ุญูู_ุงููุตุฑู 
#ูุณูุท_ุฑูุงุถ_ุณูุงูุฉ","@Hasanillaik #ูุณูุท_ุญูู_ุงููุตุฑู 
#ูุณูุท_ุฑูุงุถ_ุณูุงูุฉ",0,0,1,"<a href=""http://twitter.com/download/iphone"" rel=""nofollow"">Twitter for iPhone</a>",Thu Nov 28 15:12:29 +0000 2019,{},0,,1200069959973560320
"@laylak10 @awwad04 @Punisher921 ูุณูุท ุญูู ุงููุตุฑู!
ูุณูู ุญูู ุงููุตุฑู!
ูุณูู ุญูู ุงููุตุฑู!","@laylak10 @awwad04 @Punisher921 ูุณูุท ุญูู ุงููุตุฑู!
ูุณูู ุญูู ุงููุตุฑู!
ูุณูู ุญูู ุงููุตุฑู!",,0,2,"<a href=""https://mobile.twitter.com"" rel=""nofollow"">Twitter Web App</a>",Thu Nov 28 15:08:54 +0000 2019,{},,,1200069058592485376
"ูุณูุท ุญูู ุงููุตุฑู
ูุณูุท ุญูู ุงููุตุฑู
ูุณูุท ุญูู ุงููุตุฑู","ูุณูุท ุญูู ุงููุตุฑู
ูุณูุท ุญูู ุงููุตุฑู
ูุณูุท ุญูู ุงููุตุฑู",,0,0,"<a href=""http://twitter.com/download/android"" rel=""nofollow"">Twitter for Android</a>",Thu Nov 28 14:31:20 +0000 2019,{},,,1200059603846873088
"@Om_Sultan1313 @dankar ูุง ุงู ุณูุทุงู ุงูู ููููู ูุงูุช ุงูุชุฑ ุงููุชุงูุงุช 
ุงูุดุนุจ ูุฑูุฏ ุฅุณูุงุท ุงููุธุงู
ูุณูุท ูุณูุท ุญูู ุงููุตุฑู 
ุจูุดุช ุถุฏ ุจุงุณูู ูุงูููุงููุฉ ููุท ููุง ุงุณุชูุฑูุง ุจุณุงุญุฉ ุงูุดูุฏุงุก ููุท !
ููุจู ุณุงุญุฉ ุงูุดูุฏุงุก ูููุง ุจุฑูุงุถ ุงูุตูุญ 
ูู ุดู ูุงู ุถุฏ ุงูุณูุทุฉ ูุด ุฃุดุฎุงุต ุจุนููู 
ุชุญูุงุชู","@Om_Sultan1313 @dankar ูุง ุงู ุณูุทุงู ุงูู ููููู ูุงูุช ุงูุชุฑ ุงููุชุงูุงุช 
ุงูุดุนุจ ูุฑูุฏ ุฅุณูุงุท ุงููุธุงู
ูุณูุท ูุณูุท ุญูู ุงููุตุฑู 
ุจูุดุช ุถุฏ ุจุงุณูู ูุงูููุงููุฉ ููุท ููุง ุงุณุชูุฑูุง ุจุณุงุญุฉ ุงูุดูุฏุงุก ููุท !
ููุจู ุณุงุญุฉ ุงูุดูุฏุงุก ูููุง ุจุฑูุงุถ ุงูุตูุญ 
ูู ุดู ูุงู ุถุฏ ุงูุณูุทุฉ ูุด ุฃุดุฎุงุต ุจุนููู 
ุชุญูุงุชู",,0,1,"<a href=""http://twitter.com/#!/download/ipad"" rel=""nofollow"">Twitter for iPad</a>",Thu Nov 28 10:41:33 +0000 2019,{},,,1200001777069940736
"ูู ุจุนุฏ ุจูุณุช ุฑูุงุถ ุณูุงูุฉ ููู ูุชุจุชู ูุงูุง ุจููุฉ ุงูุชูุฏูุฏ ูุงููุนูุฏ ุจูุดูุง ุฑููุงุชู ูุจุนุชููู :
_ูุงุฒููู 
_ุงูุง ุดุบูู ูููฅ ุจุณ ูุงููู ุฑุญ ุฌุฑุจ ูู ุจููุฑ
_ุงูุง ูุงููู ุทูุนุช ุชุดูู ุงููู ุจุณ ูุงุฒู ุงููุฏ 

ูุงุณ ูุง ุจูุดู ุงูุง ุจุงูุชุดุจูุญ๐คฃ

ููุณูุท ูุณูุท ุญูู ุงููุตุฑูโฅ๏ธ","ูู ุจุนุฏ ุจูุณุช ุฑูุงุถ ุณูุงูุฉ ููู ูุชุจุชู ูุงูุง ุจููุฉ ุงูุชูุฏูุฏ ูุงููุนูุฏ ุจูุดูุง ุฑููุงุชู ูุจุนุชููู :
_ูุงุฒููู 
_ุงูุง ุดุบูู ูููฅ ุจุณ ูุงููู ุฑุญ ุฌุฑุจ ูู ุจููุฑ
_ุงูุง ูุงููู ุทูุนุช ุชุดูู ุงููู ุจุณ ูุงุฒู ุงููุฏ 

ูุงุณ ูุง ุจูุดู ุงูุง ุจุงูุชุดุจูุญ๐คฃ

ููุณูุท ูุณูุท ุญูู ุงููุตุฑูโฅ๏ธ",,4,114,"<a href=""http://twitter.com/download/iphone"" rel=""nofollow"">Twitter for iPhone</a>",Thu Nov 28 08:27:00 +0000 2019,{},,,1199967915803643904
"ูู ุฌูุงู ุนุงุทูู ููุฒูุฌ ุจุงููุถุน ุงููุจูุงูู ุงูุฒูุช ุงููุนูู
ูุงูู ุตุญ ... ูุณูุท ุญูู ุงููุตุฑู ๐ค","ูู ุฌูุงู ุนุงุทูู ููุฒูุฌ ุจุงููุถุน ุงููุจูุงูู ุงูุฒูุช ุงููุนูู
ูุงูู ุตุญ ... ูุณูุท ุญูู ุงููุตุฑู ๐ค",,1,7,"<a href=""http://twitter.com/download/iphone"" rel=""nofollow"">Twitter for iPhone</a>",Thu Nov 28 07:04:43 +0000 2019,{},,,1199947210085015552
"ูู ูุง ุฎู ุจุงูููุทู!ุงูุช ูุด ุงุฐุง ุดูุช ุญุฏุง ูุนุชุงุฒ ุจุชุชุจุฑุนููุง!!ุทูุจ ุจูุฏ ูุฏููู ุจ ูกูู ูููุงุฑ$!ุทูุจ ูุด ุจุชุญุจู ูุทูููุุชุจุฑุนูููุง ุฎูู ูู ูุงุญุฏ ุนูุฏู ูููุงุฑุงุช ุน ููุจู ููู ูุงู ุงูุดุนุจ..ุชูุฑููุง ุน ูุงููุณููู ูุจูุงู ู ุชุจุฑุนูููุง..ูุด ุงูุชู ุจุชุนุฑููุง ุงูู ูุญูุง ุจูุนุฑู ุงูู ุงูุชู ุณุฑูุชููุง ...
#ูุณูุท_ุญุงูู_ุงููุตุฑู 
#ูุณูุท _ุญูู -ุงููุงุณุฏ","ูู ูุง ุฎู ุจุงูููุทู!ุงูุช ูุด ุงุฐุง ุดูุช ุญุฏุง ูุนุชุงุฒ ุจุชุชุจุฑุนููุง!!ุทูุจ ุจูุฏ ูุฏููู ุจ ูกูู ูููุงุฑ$!ุทูุจ ูุด ุจุชุญุจู ูุทูููุุชุจุฑุนูููุง ุฎูู ูู ูุงุญุฏ ุนูุฏู ูููุงุฑุงุช ุน ููุจู ููู ูุงู ุงูุดุนุจ..ุชูุฑููุง ุน ูุงููุณููู ูุจูุงู ู ุชุจุฑุนูููุง..ูุด ุงูุชู ุจุชุนุฑููุง ุงูู ูุญูุง ุจูุนุฑู ุงูู ุงูุชู ุณุฑูุชููุง ...
#ูุณูุท_ุญุงูู_ุงููุตุฑู 
#ูุณูุท _ุญูู -ุงููุงุณุฏ",,1,1,"<a href=""http://twitter.com/download/iphone"" rel=""nofollow"">Twitter for iPhone</a>",Thu Nov 28 05:56:48 +0000 2019,{},,,1199930116983406592
"ุชุฑุงุฌุน ุญุธูุธ ุงูุฎุทูุจ... ูุณุงุฆุฑ ุงููุฑุดุญูู | ุงูุฏููุงุฑ ุจู2300 ููุฑุฉ: ุฃูู ุงูุญุฑูุฑูุ
https://t.co/NP4SXRRZsM

#ูุจูุงู__ููุชูุถโฆ https://t.co/KXUXuQu0NR","ุชุฑุงุฌุน ุญุธูุธ ุงูุฎุทูุจ... ูุณุงุฆุฑ ุงููุฑุดุญูู | ุงูุฏููุงุฑ ุจู2300 ููุฑุฉ: ุฃูู ุงูุญุฑูุฑูุ
https://t.co/NP4SXRRZsM

#ูุจูุงู__ููุชูุถ #ูุณูุท_ุญูู_ุงููุตุฑู https://t.co/CyOKiMOxy7",3,3,18,"<a href=""https://about.twitter.com/products/tweetdeck"" rel=""nofollow"">TweetDeck</a>",Thu Nov 28 03:33:24 +0000 2019,{},0,,1199894030538153986
"@ghadifrancis #ูุณูุท_ุญูู_ุงููุตุฑู
ูุนู ุญู","@ghadifrancis #ูุณูุท_ุญูู_ุงููุตุฑู
ูุนู ุญู",0,0,0,"<a href=""http://twitter.com/download/android"" rel=""nofollow"">Twitter for Android</a>",Wed Nov 27 19:27:11 +0000 2019,{},0,,1199771670220808192
#ูุณูุท_ุญุงูู_ุงููุตุฑู #ูุณูุท_ุญูู_ุงููุตุงุฑู https://t.co/0imks7ccny,#ูุณูุท_ุญุงูู_ุงููุตุฑู #ูุณูุท_ุญูู_ุงููุตุงุฑู https://t.co/0imks7ccny,,0,4,"<a href=""http://twitter.com/download/android"" rel=""nofollow"">Twitter for Android</a>",Wed Nov 27 15:37:14 +0000 2019,{},,{'full_text': 'ุชุจุงุฏู ูุฑููุฏ ุงููุญุจุฉ ุงูุดูุงุญ ุนูู ุงูุฑูุงูุฉ https://t.co/poxVBRtNEF'},1199713799655309312
ููุง ูู ููู ูุจุชุตูุฑ ุชุนุทู ุฅุจูู ููููู ููุฑุฉ ูุชููู ุฌูุจ ุจ ูงูู ุฃูู ุจุฒุฑ ู ุจ ูฃูู ุฃูู ุฅุดุชุฑู ุฅูู ููุจูุช ุนูุชู #ูุณูุท_ุญูู_ุงููุตุฑู,ููุง ูู ููู ูุจุชุตูุฑ ุชุนุทู ุฅุจูู ููููู ููุฑุฉ ูุชููู ุฌูุจ ุจ ูงูู ุฃูู ุจุฒุฑ ู ุจ ูฃูู ุฃูู ุฅุดุชุฑู ุฅูู ููุจูุช ุนูุชู #ูุณูุท_ุญูู_ุงููุตุฑู,0,0,0,"<a href=""http://twitter.com/download/android"" rel=""nofollow"">Twitter for Android</a>",Wed Nov 27 15:19:39 +0000 2019,{},0,,1199709377277648897
ููู ูุง ููุจูุน ุดู ุจูุฑ ููุท ุนูู ุฅููุ ูุนูู ุณูู ุจุงูุจุญุฑ ูุจูุต ุญูู ููุดู ุดุฑูุฉ ุชุงุจุนุฉ ูุดุฆ ุฏููุฉ ูุง ููุฏุฑ ุงุจู ูุฑุง ูููู ุจูุฌุงุ ุงูู ูโฆ https://t.co/usjPYALPxv,"ููู ูุง ููุจูุน ุดู ุจูุฑ ููุท ุนูู ุฅููุ ูุนูู ุณูู ุจุงูุจุญุฑ ูุจูุต ุญูู ููุดู ุดุฑูุฉ ุชุงุจุนุฉ ูุดุฆ ุฏููุฉ ูุง ููุฏุฑ ุงุจู ูุฑุง ูููู ุจูุฌุงุ ุงูู ูููุจุถ ูุงุด ู ููุณูุณุฑ ุงููุฑูุง ุดูู. 
#ูุณูุท_ุญูู_ุงููุตุฑู 
#ูุจูุงู_ููุชูุถู",1,0,0,"<a href=""http://twitter.com/download/android"" rel=""nofollow"">Twitter for Android</a>",Wed Nov 27 14:26:26 +0000 2019,{},0,,1199695982910459904
@fakihn ุชูุฑูุจ ุงูุงููุงู ูููุงุณุฏูู ู ุงููุนุจ ุจุงูููุฑุฉ ุจุงูุจูุฏ ู ุณูุงุณุฉ ุงูุชุตุงุฏูุฉ ูุงุฆูุฉ ูุฃุฑุจุงุญู ู ุจูุน ุงูุจูุฏ ููุจูู ุงูุฏููู.. ูุณูุท ุญูู ุงููุตุฑู,@fakihn ุชูุฑูุจ ุงูุงููุงู ูููุงุณุฏูู ู ุงููุนุจ ุจุงูููุฑุฉ ุจุงูุจูุฏ ู ุณูุงุณุฉ ุงูุชุตุงุฏูุฉ ูุงุฆูุฉ ูุฃุฑุจุงุญู ู ุจูุน ุงูุจูุฏ ููุจูู ุงูุฏููู.. ูุณูุท ุญูู ุงููุตุฑู,,0,0,"<a href=""http://twitter.com/download/iphone"" rel=""nofollow"">Twitter for iPhone</a>",Wed Nov 27 13:45:26 +0000 2019,{},,,1199685666298368001
"ุฃูู ุงุตุจุญ ุดุนุงุฑ ""ูุณูุท ุญูู ุงููุตุฑู"" ุ ุงุตุญุงุจ ุงููุตุงุฑู ูููู ุงููู ุงููุณุคูููู ุนู ูููู ูุญูุง ููู ... ู ูููู ุตุงุฑ ุจุทุฑุงุจูุณ ูุจุงุฑุญ ูู ุงุนุชุฏุงุก ุนูู ูุตุฑู ูุง ูู ุงูุงู ุฎุทูุฉ ูู ุงููููุจู ุงููุตุฑูู ูุฑูุงู ููููู ุงููู ุงูู ุงููุตุงุฑู ุจุฎุทุฑ ู ูุฑุฌุนู  ูุณูุฑู","ุฃูู ุงุตุจุญ ุดุนุงุฑ ""ูุณูุท ุญูู ุงููุตุฑู"" ุ ุงุตุญุงุจ ุงููุตุงุฑู ูููู ุงููู ุงููุณุคูููู ุนู ูููู ูุญูุง ููู ... ู ูููู ุตุงุฑ ุจุทุฑุงุจูุณ ูุจุงุฑุญ ูู ุงุนุชุฏุงุก ุนูู ูุตุฑู ูุง ูู ุงูุงู ุฎุทูุฉ ูู ุงููููุจู ุงููุตุฑูู ูุฑูุงู ููููู ุงููู ุงูู ุงููุตุงุฑู ุจุฎุทุฑ ู ูุฑุฌุนู  ูุณูุฑู",,0,0,"<a href=""http://twitter.com/download/iphone"" rel=""nofollow"">Twitter for iPhone</a>",Wed Nov 27 11:39:50 +0000 2019,{},,,1199654056970637312
@H59640026 @mhmdhmud ุงู ููู ๐ ูุณูุท ุงูุงุณุชุจุฏุงุฏ ู ุญูู ุงููุตุฑู,@H59640026 @mhmdhmud ุงู ููู ๐ ูุณูุท ุงูุงุณุชุจุฏุงุฏ ู ุญูู ุงููุตุฑู,,0,2,"<a href=""http://twitter.com/download/iphone"" rel=""nofollow"">Twitter for iPhone</a>",Tue Nov 26 15:57:43 +0000 2019,{},,,1199356570116734976
"The 24-hour sit-in at the Lebanese central bank will culminate with free haircuts ""to show bank governor Riad Salamโฆ https://t.co/1aw6zqBghA","The 24-hour sit-in at the Lebanese central bank will culminate with free haircuts ""to show bank governor Riad Salameh how haircuts are done,"" in reference to a now somewhat popular demand to be imposted on around 6,000 large depositors. 

#ูุณูุท_ุญุงูู_ุงููุตุฑู
#ูุณูุท_ุญูู_ุงููุตุฑู https://t.co/0aZklVZWbQ",2,5,10,"<a href=""http://twitter.com/download/android"" rel=""nofollow"">Twitter for Android</a>",Tue Nov 26 13:00:25 +0000 2019,{},0,,1199311947902140416
"ุงูุญุฑุงู ูุงูููุงููุฉ ุฅุซูุงู ุฃู ูุงุญุฏุงูุ | #ูุตุฑู_ุงูุตุงูุบ

https://t.co/JXzo2S3luM

#ูุจูุงู_ููุชูุถ
#ุซูุฑุฉ_ูุจูุงูโฆ https://t.co/Aie4NFwoHO","ุงูุญุฑุงู ูุงูููุงููุฉ ุฅุซูุงู ุฃู ูุงุญุฏุงูุ | #ูุตุฑู_ุงูุตุงูุบ

https://t.co/JXzo2S3luM

#ูุจูุงู_ููุชูุถ
#ุซูุฑุฉ_ูุจูุงู
#ุงูุดุนุจ_ูุฑูุฏ_ุงุณูุงุท_ุงููุธุงู
#ููู_ูุนูู_ููู
#ูุณูุท_ุญูู_ุงููุตุฑู 
#ุงููุณุงุฏ
#ุงููุฏุฑ
#ุงูุถุฑุงุฆุจ
#ููููุงุช_ุซูุฑุฉ 
#ุงูุทุงุฆููุฉ
#ุงูููุงููุฉ
#ุจูุฑูุช https://t.co/cJ9GeswyeZ",0,0,6,"<a href=""https://mobile.twitter.com"" rel=""nofollow"">Twitter Web App</a>",Tue Nov 26 07:39:11 +0000 2019,{},0,,1199231108245868545
"ูุชูู ุนุฒู (ุงูุฅูููุงุจ) ุนููู ุงูุฑุฆูุณุฉ ุงูุณุงุจูุฉ ุฏูููุง ุฃูุถุง ุญููู ุฃุนููุช ุงูุญุฑุจ ุนููู ุงููุตูุงุฑู ูุจุฏุฃุช ุจุฅุฌุฑุงุกุงุช ุชูููู ุงูููุงุฆุฏ ููุญุงุฑุจุฉ ุงููุณุงุฏ ..
ูุฐุง ูุง ูุนูู ูุฒุงูุฉ ุญุฒุจ ุงูุนูุงู ุจู ูุนูู ุฃู ุงููุฏุงููุฉ ูุน ุงููุธุงู ุงูุนุงููู ุฃู ููุงุฌูุชู ููุณุช ุจุงูููููุฉ 
#ูุจูุงู_ููุชูุถ #ูุณูุท_ุญูุชุงู_ุงููุงู #ูุณูุท_ุญูู_ุงููุตุฑู","ูุชูู ุนุฒู (ุงูุฅูููุงุจ) ุนููู ุงูุฑุฆูุณุฉ ุงูุณุงุจูุฉ ุฏูููุง ุฃูุถุง ุญููู ุฃุนููุช ุงูุญุฑุจ ุนููู ุงููุตูุงุฑู ูุจุฏุฃุช ุจุฅุฌุฑุงุกุงุช ุชูููู ุงูููุงุฆุฏ ููุญุงุฑุจุฉ ุงููุณุงุฏ ..
ูุฐุง ูุง ูุนูู ูุฒุงูุฉ ุญุฒุจ ุงูุนูุงู ุจู ูุนูู ุฃู ุงููุฏุงููุฉ ูุน ุงููุธุงู ุงูุนุงููู ุฃู ููุงุฌูุชู ููุณุช ุจุงูููููุฉ 
#ูุจูุงู_ููุชูุถ #ูุณูุท_ุญูุชุงู_ุงููุงู #ูุณูุท_ุญูู_ุงููุตุฑู",,0,0,"<a href=""http://twitter.com"" rel=""nofollow"">Twitter Web Client</a>",Fri Nov 29 08:42:04 +0000 2019,{},,,1200334096154710022
"ูุฏุงุก ูู ุงุฌู ุญูุงูุฉ ุงูุซูุฑุฉ: ุงูุชุตุฑูุง ุจุงููุทููุฉ ุนูู ุฏุนุงุฉ ุงููุชูุฉ! | #ุนูู_ุงูุทุฑูู

https://t.co/QLs3fhDr60

#ูุจูุงู_ููุชูุถ
#ุซูุฑุฉ_ูุจูุงู
#ุงูุดุนุจ_ูุฑูุฏ_ุงุณูุงุท_ุงููุธุงู
#ููู_ูุนูู_ููู
#ูุณูุท_ุญูู_ุงููุตุฑู 
#ุงููุณุงุฏ
#ุงููุฏุฑ
#ุงูุถุฑุงุฆุจ
#ููููุงุช_ุซูุฑุฉ 
#ุงูุทุงุฆููุฉ
#ุงููุฐูุจูุฉ
#ุงููุชูุฉ_ุงููุชูููุฉ 
#ุงูุฏููุงุฑ 
#ูุตุฑู_ูุจูุงู https://t.co/aGHpqapZNs","ูุฏุงุก ูู ุงุฌู ุญูุงูุฉ ุงูุซูุฑุฉ: ุงูุชุตุฑูุง ุจุงููุทููุฉ ุนูู ุฏุนุงุฉ ุงููุชูุฉ! | #ุนูู_ุงูุทุฑูู

https://t.co/QLs3fhDr60

#ูุจูุงู_ููุชูุถ
#ุซูุฑุฉ_ูุจูุงู
#ุงูุดุนุจ_ูุฑูุฏ_ุงุณูุงุท_ุงููุธุงู
#ููู_ูุนูู_ููู
#ูุณูุท_ุญูู_ุงููุตุฑู 
#ุงููุณุงุฏ
#ุงููุฏุฑ
#ุงูุถุฑุงุฆุจ
#ููููุงุช_ุซูุฑุฉ 
#ุงูุทุงุฆููุฉ
#ุงููุฐูุจูุฉ
#ุงููุชูุฉ_ุงููุชูููุฉ 
#ุงูุฏููุงุฑ 
#ูุตุฑู_ูุจูุงู https://t.co/aGHpqapZNs",,0,3,"<a href=""https://mobile.twitter.com"" rel=""nofollow"">Twitter Web App</a>",Fri Nov 29 10:11:19 +0000 2019,{'media': [{'url': 'https://t.co/aGHpqapZNs'}]},,,1200356557697028096
#ูุณูุท_ุญูู_ุงููุตุฑู๐ค๐ป,#ูุณูุท_ุญูู_ุงููุตุฑู๐ค๐ป,0,0,1,"<a href=""http://twitter.com/download/iphone"" rel=""nofollow"">Twitter for iPhone</a>",Thu Nov 28 12:37:47 +0000 2019,{},0,,1200031030717091840
"ููุงู.. ุงูุทูุงุฆู | #ุนูู_ุงูุทุฑูู

https://t.co/ZTx3XVH6yW

#ูุจูุงู_ููุชูุถ
#ุซูุฑุฉ_ูุจูุงู
#ุงูุดุนุจ_ูุฑูุฏ_ุงุณูุงุท_ุงููุธุงูโฆ https://t.co/64qmNvzvHe","ููุงู.. ุงูุทูุงุฆู | #ุนูู_ุงูุทุฑูู

https://t.co/ZTx3XVH6yW

#ูุจูุงู_ููุชูุถ
#ุซูุฑุฉ_ูุจูุงู
#ุงูุดุนุจ_ูุฑูุฏ_ุงุณูุงุท_ุงููุธุงู
#ููู_ูุนูู_ููู
#ูุณูุท_ุญูู_ุงููุตุฑู 
#ุงููุณุงุฏ
#ุงููุฏุฑ
#ุงูุถุฑุงุฆุจ
#ููููุงุช_ุซูุฑุฉ 
#ูุจูุงู_ูุซูุฑ https://t.co/Lhprloz8ha",0,0,14,"<a href=""https://mobile.twitter.com"" rel=""nofollow"">Twitter Web App</a>",Sun Nov 24 09:31:56 +0000 2019,{},0,,1198534708172410880
"@sabehnancy ุฏูุงุน ูุฑูุงู ุฎูุฑ ุงูุฏูู ุนู ุงููุตุงุฑู ูููุช
ูุง ูุญูุงฺฉ ูุง ุฑูุงุถ ุณูุงูุฉ
#ูุณูุท_ุญฺฉู_ุงููุตุฑู","@sabehnancy ุฏูุงุน ูุฑูุงู ุฎูุฑ ุงูุฏูู ุนู ุงููุตุงุฑู ูููุช
ูุง ูุญูุงฺฉ ูุง ุฑูุงุถ ุณูุงูุฉ
#ูุณูุท_ุญฺฉู_ุงููุตุฑู",0,0,0,"<a href=""http://twitter.com/download/android"" rel=""nofollow"">Twitter for Android</a>",Sat Nov 23 20:00:22 +0000 2019,{},0,,1198330467537367040
"ููุงุฏูู ุงูุญุจ.. | #ููุงูุด

https://t.co/NcbuQnKwQM

#ูุจูุงู_ููุชูุถ
#ุซูุฑุฉ_ูุจูุงู
#ุงูุดุนุจ_ูุฑูุฏ_ุงุณูุงุท_ุงููุธุงู
#ููู_ูุนูู_ูููโฆ https://t.co/gtjs1JOiaW","ููุงุฏูู ุงูุญุจ.. | #ููุงูุด

https://t.co/NcbuQnKwQM

#ูุจูุงู_ููุชูุถ
#ุซูุฑุฉ_ูุจูุงู
#ุงูุดุนุจ_ูุฑูุฏ_ุงุณูุงุท_ุงููุธุงู
#ููู_ูุนูู_ููู
#ูุณูุท_ุญูู_ุงููุตุฑู 
#ุงููุณุงุฏ
#ุงููุฏุฑ
#ุงูุถุฑุงุฆุจ
#ููููุงุช_ุซูุฑุฉ 
#ุงูุญุจ
#ุงูุดุจุงุจ 
#ุนู_ุซูุฑ https://t.co/zlePwriztg",0,3,10,"<a href=""https://mobile.twitter.com"" rel=""nofollow"">Twitter Web App</a>",Sat Nov 23 15:17:36 +0000 2019,{},0,,1198259310360481792
"ุงูุญุฑูุฉ (ูกูฅ) ูู ููููุงุช ุงูุซูุฑุฉ ุงููุจูุงููุฉ | #ุงููุถู_ุดูู 

https://t.co/ZRlS2Eryq9

#ูุจูุงู_ููุชูุถ
#ุซูุฑุฉ_ูุจูุงูโฆ https://t.co/gIqTyw8pi3","ุงูุญุฑูุฉ (ูกูฅ) ูู ููููุงุช ุงูุซูุฑุฉ ุงููุจูุงููุฉ | #ุงููุถู_ุดูู 

https://t.co/ZRlS2Eryq9

#ูุจูุงู_ููุชูุถ
#ุซูุฑุฉ_ูุจูุงู
#ุงูุดุนุจ_ูุฑูุฏ_ุงุณูุงุท_ุงููุธุงู
#ููู_ูุนูู_ููู
#ูุณูุท_ุญูู_ุงููุตุฑู 
#ุงููุณุงุฏ
#ุงููุฏุฑ
#ุงูุถุฑุงุฆุจ
#ููููุงุช_ุซูุฑุฉ 
#ุงูุทุงุฆููุฉ
#ูุจูุงู_ูุซูุฑ
#ุงุณุชููุงู_ูุจูุงู
#ุงูุงุณุชููุงู_ุงูุญูููู 
@alfadelchalak https://t.co/ELCfh7tLIH",0,2,10,"<a href=""https://mobile.twitter.com"" rel=""nofollow"">Twitter Web App</a>",Fri Nov 22 07:37:46 +0000 2019,{},0,,1197781201437839361
"""ูุงููู ุงูููุฏ ูุงูุชุณููู ูุนุทู ูููููุถ ุงูุญูููุฉ ุญู ุงูุงุทููุงุน ุนูู ุฌููุน ุณุฌููุงุช ุงููุตุฑู ููุณุชูุฏุงุชู. ููุงุฐุง ูุง ููุฌุจูุฑ ุงููุตุฑู ุงููุฑูุฒู ููุง ุงููุตุงุฑู ุงูุฃุฎุฑู ุฅุตุฏุงุฑ ูุดู ุญุณุงุจ ูุชูุฏูุฑ ุญุฌู ุงูุฃุฒูุฉุ""
#ููููู 
#ูุณูุท_ุญูู_ุงููุตุฑู","""ูุงููู ุงูููุฏ ูุงูุชุณููู ูุนุทู ูููููุถ ุงูุญูููุฉ ุญู ุงูุงุทููุงุน ุนูู ุฌููุน ุณุฌููุงุช ุงููุตุฑู ููุณุชูุฏุงุชู. ููุงุฐุง ูุง ููุฌุจูุฑ ุงููุตุฑู ุงููุฑูุฒู ููุง ุงููุตุงุฑู ุงูุฃุฎุฑู ุฅุตุฏุงุฑ ูุดู ุญุณุงุจ ูุชูุฏูุฑ ุญุฌู ุงูุฃุฒูุฉุ""
#ููููู 
#ูุณูุท_ุญูู_ุงููุตุฑู",,0,5,"<a href=""http://twitter.com/download/iphone"" rel=""nofollow"">Twitter for iPhone</a>",Fri Nov 29 18:30:05 +0000 2019,{},,,1200482074475606016
"ูุนููู ูุงูู ููุง ููู ูุณุงุฏ ูุฏูู ุญุงูู ูุตุฑู ูุจูุงู!
ุงูุฏููุงุฑ ุทุงูุฑ ูุงูููุฑุฉ ุนู ุชููุฏ ูููุชูุง ููุฑูุงูู ุงููุถุน ุนู ูุชุฃุฒู ูุจุนุฏู ุงูุญุงูู ุนู ูุชุญูู ุจุณุนุฑ ุงูุตุฑู ูุชุงุฑู ุงูุณูู ุงูุณูุฏุง ููุตูุฑูุฉ ูุนู ูุชุงุฌุฑ ุนุถูุฑูุง!
 ูุง ุญุงู ุงูููุช ูุฅูุงูุชู ููุญุงุณุจุชู ุจุนุฏุ  ุฃุตู ุงูุจูุง
#ูุณูุท_ุญูู_ุงููุตุฑู #ูุตุฑู_ูุจูุงู #ูุณูุท_ุญูุชุงู_ุงููุงู","ูุนููู ูุงูู ููุง ููู ูุณุงุฏ ูุฏูู ุญุงูู ูุตุฑู ูุจูุงู!
ุงูุฏููุงุฑ ุทุงูุฑ ูุงูููุฑุฉ ุนู ุชููุฏ ูููุชูุง ููุฑูุงูู ุงููุถุน ุนู ูุชุฃุฒู ูุจุนุฏู ุงูุญุงูู ุนู ูุชุญูู ุจุณุนุฑ ุงูุตุฑู ูุชุงุฑู ุงูุณูู ุงูุณูุฏุง ููุตูุฑูุฉ ูุนู ูุชุงุฌุฑ ุนุถูุฑูุง!
 ูุง ุญุงู ุงูููุช ูุฅูุงูุชู ููุญุงุณุจุชู ุจุนุฏุ  ุฃุตู ุงูุจูุง
#ูุณูุท_ุญูู_ุงููุตุฑู #ูุตุฑู_ูุจูุงู #ูุณูุท_ุญูุชุงู_ุงููุงู",,0,0,"<a href=""http://twitter.com/download/android"" rel=""nofollow"">Twitter for Android</a>",Fri Nov 29 18:21:30 +0000 2019,{},,,1200479917495984129
"ุจุงูููุงูุฉ
ุฑุญ ุชูุฒู ุงูุนุงูู ูุชุงุฎุฏ ุฃููุงูุง ูู ุงููุตุงุฑู ุจุงูููุฉุ ุจุงูุณุทู ุงููุณูุญ ุฃู ุงูุบูุฑ ูุณูุญ ุณููู ูุชู ูุง ุจุฏูู
ุงููุถุน ูุง ุนุงุฏ ููุญูู ูู ุญุฌุฒ ููุฃููุงู ุงูุดุจูู ุจุงูุณุฑูุฉ ูู ููุธูู ุงูุฏููุงุฑุ ูุจุฑุจุญููู ุฌูููุฉ ุจุงููกููู$ ุจุงูุงุณุจูุน ูุง ุงููู ๐
ูุง ุชููููุง ุงูุดุนุจ.. ูุฃู ูู ุญู ูุบุชุตุจ ูุงุฒู ูุฑุฌุน
#ูุณูุท_ุญูู_ุงููุตุฑู","ุจุงูููุงูุฉ
ุฑุญ ุชูุฒู ุงูุนุงูู ูุชุงุฎุฏ ุฃููุงูุง ูู ุงููุตุงุฑู ุจุงูููุฉุ ุจุงูุณุทู ุงููุณูุญ ุฃู ุงูุบูุฑ ูุณูุญ ุณููู ูุชู ูุง ุจุฏูู
ุงููุถุน ูุง ุนุงุฏ ููุญูู ูู ุญุฌุฒ ููุฃููุงู ุงูุดุจูู ุจุงูุณุฑูุฉ ูู ููุธูู ุงูุฏููุงุฑุ ูุจุฑุจุญููู ุฌูููุฉ ุจุงููกููู$ ุจุงูุงุณุจูุน ูุง ุงููู ๐
ูุง ุชููููุง ุงูุดุนุจ.. ูุฃู ูู ุญู ูุบุชุตุจ ูุงุฒู ูุฑุฌุน
#ูุณูุท_ุญูู_ุงููุตุฑู",,1,20,"<a href=""http://twitter.com/download/android"" rel=""nofollow"">Twitter for Android</a>",Fri Nov 29 18:05:36 +0000 2019,{},,,1200475915609923584
ุตุญ. ุจุณ ูู ุฃุฒูุฉ ุทุงุฑุฆุฉ ูุญููุง ูุจุฏุฃ ูู ุงููุตุงุฑู ูุฅุณุชุฑุฏุงุฏ ุฃุฑุจุงุญ ุงูููุฏุณุงุช ุงููุงููุฉ. ุงูุญู ุนูุฏ ุฑูุงุถ ุณูุงูุฉ ูุฃู ูุญู ุงูุดุนุจ ูู ูุฏูุน ุงูุซูู. ูุนูู ูุด ุบูุท ูุฑูุฒ ูุฌููุฏูุง ูุชุบุฑูุฏุงุชูุง ู ูุงููุงุชูุง ุนุงููุตุงุฑู. #ูุณูุท_ุญูู_ุงููุตุฑู #ุชุณูุท_ุณูุทุฉ_ุฑุฃุณ_ุงููุงู https://t.co/vYEhadBfy2,ุตุญ. ุจุณ ูู ุฃุฒูุฉ ุทุงุฑุฆุฉ ูุญููุง ูุจุฏุฃ ูู ุงููุตุงุฑู ูุฅุณุชุฑุฏุงุฏ ุฃุฑุจุงุญ ุงูููุฏุณุงุช ุงููุงููุฉ. ุงูุญู ุนูุฏ ุฑูุงุถ ุณูุงูุฉ ูุฃู ูุญู ุงูุดุนุจ ูู ูุฏูุน ุงูุซูู. ูุนูู ูุด ุบูุท ูุฑูุฒ ูุฌููุฏูุง ูุชุบุฑูุฏุงุชูุง ู ูุงููุงุชูุง ุนุงููุตุงุฑู. #ูุณูุท_ุญูู_ุงููุตุฑู #ุชุณูุท_ุณูุทุฉ_ุฑุฃุณ_ุงููุงู https://t.co/vYEhadBfy2,,0,0,"<a href=""http://twitter.com/download/android"" rel=""nofollow"">Twitter for Android</a>",Fri Nov 29 16:33:27 +0000 2019,{},,"{'full_text': 'ููู ูุงุณ ูุง ุจูุนููููู ""ูุงูู"" ุฅูุง ุงุฐุง ุชุธุงูุฑุช ูุฏุงู ุงููุตุฑู ุญุตุฑุงู. ูู ุดู ุชุงูู ูุด ูุนุชุฑููู ููู ุงู ุจุดูููุง ุจุตูุงุจูุชู. ููู ููุฑุฑ:\nุฑูุงุถ ุณูุงูุฉ ูุงูุทุจูุฉ ุงูุณูุงุณูุฉ ูููู ุญุฑูุงุณ ูุตุงูุญูู ุงููุชุจุงุฏูุฉ ููููุฏุณู ุฃุฒูุงุชูุง. ุงูุชูุงุถุชูุง ุถุฏููู ููููู ูุด ุจุณ ุถุฏ ุฑูุงุถ ุณูุงูุฉ.\n#ุดูู_ูุงูุจูุตูุฉ_ูู_ุงูุฏู_ุจูุง #ูุจูุงู__ููุชูุถ'}",1200452725823148032
"ูุนูุงู ูุง ูู ุงูุตูุฉ ุงูุชู ุชุฎูู ุฑุฆูุณ ุฌูุนูุฉ ุงููุตุงุฑู ุฃู ูุฎุงุทุจ ุงูุดุนุจ ุงููุจูุงูู ุนูุจ ุงูุงุฌุชูุงุน ุงููุงููุ ูู ูุงู ุฅู ุงูุดุนุจ ูุณุชูุฏ ุงูุซูุฉ ูู ุฑุฆูุณ ุฌูุนูุฉ ุงููุตุงุฑู ุงูุชู ูุฑูุจุช ุฃููุงููุง ุงูู ุงูุฎุงุฑุฌ.
ุงูุดุนุจ ุฑูุน ุดุนุงุฑ #ูุณูุท_ุญูู_ุงููุตุฑู ููู ุงูููุช ููุณู ุงูุฏููุฉ ุชุนูู ุนูู ุชูุฑูุณ ุญูู #ุฌูุนูุฉ_ุงููุตุงุฑู
#ูุจูุงู_ููุชูุถ","ูุนูุงู ูุง ูู ุงูุตูุฉ ุงูุชู ุชุฎูู ุฑุฆูุณ ุฌูุนูุฉ ุงููุตุงุฑู ุฃู ูุฎุงุทุจ ุงูุดุนุจ ุงููุจูุงูู ุนูุจ ุงูุงุฌุชูุงุน ุงููุงููุ ูู ูุงู ุฅู ุงูุดุนุจ ูุณุชูุฏ ุงูุซูุฉ ูู ุฑุฆูุณ ุฌูุนูุฉ ุงููุตุงุฑู ุงูุชู ูุฑูุจุช ุฃููุงููุง ุงูู ุงูุฎุงุฑุฌ.
ุงูุดุนุจ ุฑูุน ุดุนุงุฑ #ูุณูุท_ุญูู_ุงููุตุฑู ููู ุงูููุช ููุณู ุงูุฏููุฉ ุชุนูู ุนูู ุชูุฑูุณ ุญูู #ุฌูุนูุฉ_ุงููุตุงุฑู
#ูุจูุงู_ููุชูุถ",,0,1,"<a href=""http://twitter.com/download/android"" rel=""nofollow"">Twitter for Android</a>",Fri Nov 29 16:12:37 +0000 2019,{},,,1200447480720166913
"ุตุญููุฉ ""ุงูุฃุฎุจุงุฑ"" ุจุงูู 2016 ุจุดุฑููุง ุฅูู ุงูุฏููุงุฑ ุฑุญ ูุตูุฑ ููู ุงูู5000 ููุฑุฉ ุนุงู 2020ุ ูุจููุชูุง ูููุง ุถุญููุง ุนูููู...
ุฃูุง ูู ุฌูุชูุ ูููุฃ ุจุถุญู ุนูููู ูุฑุญ ุถูููุ ูุฃู ุงูุฑูู ุบูุฑ ููุทูู ูุงูุงูุงู ุงูุฌุงูู ุฑุญ ุชุซุจุช... ูุง ูู ุฎุทุฑ ุนุงูููุฑุฉ...
ุดู ุจุฎููู #ุฑูุงุถ_ุณูุงูุฉ_ุงูุญุฑุงูู ุฃุญูู ููู ๐
#ูุณูุท_ุญูู_ุงููุตุฑู https://t.co/rIBsOaQmS4","ุตุญููุฉ ""ุงูุฃุฎุจุงุฑ"" ุจุงูู 2016 ุจุดุฑููุง ุฅูู ุงูุฏููุงุฑ ุฑุญ ูุตูุฑ ููู ุงูู5000 ููุฑุฉ ุนุงู 2020ุ ูุจููุชูุง ูููุง ุถุญููุง ุนูููู...
ุฃูุง ูู ุฌูุชูุ ูููุฃ ุจุถุญู ุนูููู ูุฑุญ ุถูููุ ูุฃู ุงูุฑูู ุบูุฑ ููุทูู ูุงูุงูุงู ุงูุฌุงูู ุฑุญ ุชุซุจุช... ูุง ูู ุฎุทุฑ ุนุงูููุฑุฉ...
ุดู ุจุฎููู #ุฑูุงุถ_ุณูุงูุฉ_ุงูุญุฑุงูู ุฃุญูู ููู ๐
#ูุณูุท_ุญูู_ุงููุตุฑู https://t.co/rIBsOaQmS4",,0,0,"<a href=""http://twitter.com/download/android"" rel=""nofollow"">Twitter for Android</a>",Fri Nov 29 16:02:54 +0000 2019,{'media': [{'url': 'https://t.co/rIBsOaQmS4'}]},,,1200445035105402882
"ูุจุงุฑุญ ุฏูุนุช ุงูุฏููุฉ ุงุณุชุญูุงูุงุช ุณูุฏุงุช ุงูุฎุฒููุฉ ุจูููุฉ ูฃูจู ููููู ุฏููุงุฑ ูููุตุงุฑูุ ูุนูู ุตุงุฑ ุนูุฏู ุณูููุฉ ุฏููุงุฑ ูุจุนุฏู ุนู ูุจูุทุฌูุง ุนุงููุงุณ ููุญุฑูููุง ูู ุญููุง.
#ูุณูุท_ุญูู_ุงููุตุฑู","ูุจุงุฑุญ ุฏูุนุช ุงูุฏููุฉ ุงุณุชุญูุงูุงุช ุณูุฏุงุช ุงูุฎุฒููุฉ ุจูููุฉ ูฃูจู ููููู ุฏููุงุฑ ูููุตุงุฑูุ ูุนูู ุตุงุฑ ุนูุฏู ุณูููุฉ ุฏููุงุฑ ูุจุนุฏู ุนู ูุจูุทุฌูุง ุนุงููุงุณ ููุญุฑูููุง ูู ุญููุง.
#ูุณูุท_ุญูู_ุงููุตุฑู",,1,2,"<a href=""http://twitter.com/download/android"" rel=""nofollow"">Twitter for Android</a>",Fri Nov 29 11:58:35 +0000 2019,{},,,1200383550102614017
"ุนู ููุทุฑุฏ ุชุนุณููุง ูู ุงูุนูู
ูุตุฑูุงุชูุง ุนูููุง ุจุงููุตุงุฑู
ุฎุงูููู ูู ุจูุฑุง ูุงูุฌู ุนู ูุดุชุฑู ุงูู
ูุง ูุนูุง ูุฏูุน ุณูุฏุงุชูุง $ ุงูู ููู ุจูุดุช ุงูุซูุฑุฉ
#ูุจูุงู_ููุชูุถ #ูุณูุท_ุญูู_ุงููุตุฑู #ุซูุฑุฉ_ูุจูุงู","ุนู ููุทุฑุฏ ุชุนุณููุง ูู ุงูุนูู
ูุตุฑูุงุชูุง ุนูููุง ุจุงููุตุงุฑู
ุฎุงูููู ูู ุจูุฑุง ูุงูุฌู ุนู ูุดุชุฑู ุงูู
ูุง ูุนูุง ูุฏูุน ุณูุฏุงุชูุง $ ุงูู ููู ุจูุดุช ุงูุซูุฑุฉ
#ูุจูุงู_ููุชูุถ #ูุณูุท_ุญูู_ุงููุตุฑู #ุซูุฑุฉ_ูุจูุงู",,1,4,"<a href=""https://mobile.twitter.com"" rel=""nofollow"">Twitter Web App</a>",Fri Nov 29 11:24:27 +0000 2019,{},,,1200374960528736261
"ูู ุงูุซูุฑุฉ.. ูุฃูู ุฎุทุฉ ุงูุชุบููุฑุ | #ุนูู_ุงูุทุฑูู

https://t.co/vwxmcSptmR

#ูุจูุงู_ููุชูุถ
#ุซูุฑุฉ_ูุจูุงู
#ุงูุดุนุจ_ูุฑูุฏ_ุงุณูุงุท_ุงููุธุงู
#ููู_ูุนูู_ููู
#ูุณูุท_ุญูู_ุงููุตุฑู 
#ุงููุณุงุฏ
#ุงููุฏุฑ
#ุงูุถุฑุงุฆุจ
#ููููุงุช_ุซูุฑุฉ 
#ุงูุทุงุฆููุฉ
#ุงููุฐูุจูุฉ
#ุงููุชูุฉ_ุงููุชูููุฉ 
#ุงูุฏููุงุฑ 
#ูุตุฑู_ูุจูุงู https://t.co/xVsrGe5M4J","ูู ุงูุซูุฑุฉ.. ูุฃูู ุฎุทุฉ ุงูุชุบููุฑุ | #ุนูู_ุงูุทุฑูู

https://t.co/vwxmcSptmR

#ูุจูุงู_ููุชูุถ
#ุซูุฑุฉ_ูุจูุงู
#ุงูุดุนุจ_ูุฑูุฏ_ุงุณูุงุท_ุงููุธุงู
#ููู_ูุนูู_ููู
#ูุณูุท_ุญูู_ุงููุตุฑู 
#ุงููุณุงุฏ
#ุงููุฏุฑ
#ุงูุถุฑุงุฆุจ
#ููููุงุช_ุซูุฑุฉ 
#ุงูุทุงุฆููุฉ
#ุงููุฐูุจูุฉ
#ุงููุชูุฉ_ุงููุชูููุฉ 
#ุงูุฏููุงุฑ 
#ูุตุฑู_ูุจูุงู https://t.co/xVsrGe5M4J",,1,10,"<a href=""https://mobile.twitter.com"" rel=""nofollow"">Twitter Web App</a>",Sat Nov 30 09:23:03 +0000 2019,{'media': [{'url': 'https://t.co/xVsrGe5M4J'}]},,,1200706798140956672
"ูู ููุชู ุฑูุงุถ ุณูุงูุฉ ุจูู ูุง ูุนูู ุฎูุงู ุฑุจุน ูุฑู ูู ุณูุงุณุงุช ููุฏูุฉ ููุงููุฉ ุฃููุฑุช ุงูุดุนุจ ุงููุจูุงูู
ุจู ูู ููุงุตู ูุฐุจู ุนูู ุงููุงุณุููุชุญุฏุซ ุนู ุตูุงุจุฉ ูุณูุงูุฉ ุงูููุฏ ูุงููุทุงุน ุงููุตุฑูู.ููุง ูุฒุงู ูุตุฑ ุนูู ุณูุงุณุงุช ูุฏููุง ุงูุฃูู ูุงูุฃุฎูุฑ ุงููุญุงูุธุฉ ุนูู ุฃุฑุจุงุญ ูุงุฑุชููุงุช ุงูุจูุงุฏ ุงูููุชุดุฑุฉ ูู ูู ุงููุทุงุนุงุช.
#ูุณูุท_ุญูู_ุงููุตุฑู https://t.co/ZGzKraCIoM","ูู ููุชู ุฑูุงุถ ุณูุงูุฉ ุจูู ูุง ูุนูู ุฎูุงู ุฑุจุน ูุฑู ูู ุณูุงุณุงุช ููุฏูุฉ ููุงููุฉ ุฃููุฑุช ุงูุดุนุจ ุงููุจูุงูู
ุจู ูู ููุงุตู ูุฐุจู ุนูู ุงููุงุณุููุชุญุฏุซ ุนู ุตูุงุจุฉ ูุณูุงูุฉ ุงูููุฏ ูุงููุทุงุน ุงููุตุฑูู.ููุง ูุฒุงู ูุตุฑ ุนูู ุณูุงุณุงุช ูุฏููุง ุงูุฃูู ูุงูุฃุฎูุฑ ุงููุญุงูุธุฉ ุนูู ุฃุฑุจุงุญ ูุงุฑุชููุงุช ุงูุจูุงุฏ ุงูููุชุดุฑุฉ ูู ูู ุงููุทุงุนุงุช.
#ูุณูุท_ุญูู_ุงููุตุฑู https://t.co/ZGzKraCIoM",,7,17,"<a href=""http://twitter.com/download/android"" rel=""nofollow"">Twitter for Android</a>",Sat Nov 30 07:33:06 +0000 2019,{'media': [{'url': 'https://t.co/ZGzKraCIoM'}]},,,1200679130402054144
"ุจุณ ุจูุงููู ููู:
#ุฑูุงุถ_ุณูุงูุฉ ุฑูุถ ุงููุงุจูุชุงู ูููุชุฑูู ุจุงูุนูู ุจุณ ูุง ุฃูุฒู ุงููุตุงุฑู
ุฑูุงุถ ุณูุงูุฉ ุชุฑู ูุทุงุน ุงูุตุฑุงููู ุจูุง ุฑููุจ ุงู ุญุณูุจ
ุฑูุงุถ ุณูุงูุฉ ูุนุฑูู ุนูู ูุฒุงุฑู ุงูุทุงูุฉ ุจุนุฑููุฉ ุงุตุฏุงุฑ ุงูุงุนุชูุงุฏุงุช ุงููุงููุฉ...
#ูุณูุท_ุญูู_ุงููุตุฑู
ููู ูุงุณุฏ ูุฑุงู
#ูุจูุงู__ููุชูุถ","ุจุณ ุจูุงููู ููู:
#ุฑูุงุถ_ุณูุงูุฉ ุฑูุถ ุงููุงุจูุชุงู ูููุชุฑูู ุจุงูุนูู ุจุณ ูุง ุฃูุฒู ุงููุตุงุฑู
ุฑูุงุถ ุณูุงูุฉ ุชุฑู ูุทุงุน ุงูุตุฑุงููู ุจูุง ุฑููุจ ุงู ุญุณูุจ
ุฑูุงุถ ุณูุงูุฉ ูุนุฑูู ุนูู ูุฒุงุฑู ุงูุทุงูุฉ ุจุนุฑููุฉ ุงุตุฏุงุฑ ุงูุงุนุชูุงุฏุงุช ุงููุงููุฉ...
#ูุณูุท_ุญูู_ุงููุตุฑู
ููู ูุงุณุฏ ูุฑุงู
#ูุจูุงู__ููุชูุถ",,2,9,"<a href=""http://twitter.com/download/android"" rel=""nofollow"">Twitter for Android</a>",Sat Nov 30 05:44:53 +0000 2019,{},,,1200651894194147328
"ูุทูู ุฃููุฐูู ูู ุฑุงุฆุญุฉ ุงูุฌูุน ุงูุจุดุฑู ูุฎูู

ุฃููุฐูู ูู ูุฏู ูุตุจุญ ูููุง ุงููุงุณ

ูุฏุงุฎู ููุฎูู ูููุฒุจู ูุฎูู

ูู ูุฏู ุชุฑูุฏ ูู ุงููุงุก ุงูุขุณู ูุงูุฌุงููุณ

#ูุจูุงู_ููุชูุถ
#ุตูุฏุง_ุชูุชูุถ
#ูุณูุท_ุญูู_ุงููุตุฑู","ูุทูู ุฃููุฐูู ูู ุฑุงุฆุญุฉ ุงูุฌูุน ุงูุจุดุฑู ูุฎูู

ุฃููุฐูู ูู ูุฏู ูุตุจุญ ูููุง ุงููุงุณ

ูุฏุงุฎู ููุฎูู ูููุฒุจู ูุฎูู

ูู ูุฏู ุชุฑูุฏ ูู ุงููุงุก ุงูุขุณู ูุงูุฌุงููุณ

#ูุจูุงู_ููุชูุถ
#ุตูุฏุง_ุชูุชูุถ
#ูุณูุท_ุญูู_ุงููุตุฑู",,0,1,"<a href=""http://twitter.com/download/android"" rel=""nofollow"">Twitter for Android</a>",Sat Nov 30 10:49:42 +0000 2019,{},,,1200728604671434753
#ูุจูุงู_ููุชูุถ,,0,0,0,"<a href=""http://twitter.com/download/android"" rel=""nofollow"">Twitter for Android</a>",Sat Nov 30 11:30:37 +0000 2019,{},0,{},1200738903218634752
RT @Tesnimeeeeee: ุญูู ุบุงุจ ุงูุฅุนูุงู ุจููู ุชูููุนุงุชู ุนู ููู ุตูุฑุฉ ุงูุชุญุฑููุงุช ุงูุตูุงุฏูุฉ ุถุฏู ุณูุงุณุงุช ูุตุฑู ูุจูุงู .. ูุงูุช #ุงูููุงุฏูู ุญุงุถุฑุฉ ูุชููู ุงููุงูุน ูโฆ,RT @Tesnimeeeeee: ุญูู ุบุงุจ ุงูุฅุนูุงู ุจููู ุชูููุนุงุชู ุนู ููู ุตูุฑุฉ ุงูุชุญุฑููุงุช ุงูุตูุงุฏูุฉ ุถุฏู ุณูุงุณุงุช ูุตุฑู ูุจูุงู .. ูุงูุช #ุงูููุงุฏูู ุญุงุถุฑุฉ ูุชููู ุงููุงูุน ูโฆ,0,0,0,"<a href=""http://twitter.com/download/android"" rel=""nofollow"">Twitter for Android</a>",Thu Nov 28 22:03:34 +0000 2019,{},0,,1200173411563118594
"RT @asmahanCh: ูู ุณุฑูุ ุจุณ ุนููุฑ...
ุดู ุนููุฑุ
ุนููุฑ ููุนุฉ ุงูุชุตุงุฏูุฉ ูุนุงุฆูุชู ุชูููู ุฃุตุบุฑูุง ูู ุดุฑุงุก ูุณุฎ ุฃุญุฏ ุงููุฌูุงุช ุจูุง ููุงุฑุจ ูฃ ููููู ุฏููุงุฑ
ุนููุฑ ูููโฆ","RT @asmahanCh: ูู ุณุฑูุ ุจุณ ุนููุฑ...
ุดู ุนููุฑุ
ุนููุฑ ููุนุฉ ุงูุชุตุงุฏูุฉ ูุนุงุฆูุชู ุชูููู ุฃุตุบุฑูุง ูู ุดุฑุงุก ูุณุฎ ุฃุญุฏ ุงููุฌูุงุช ุจูุง ููุงุฑุจ ูฃ ููููู ุฏููุงุฑ
ุนููุฑ ูููโฆ",0,0,0,"<a href=""http://twitter.com/download/iphone"" rel=""nofollow"">Twitter for iPhone</a>",Thu Nov 28 14:06:40 +0000 2019,{},0,,1200053397904404482
"RT @hsnbdeir: #ุดุนุจ_ุงูุณููุฏ

ุจุงูููุช ููู ุงูุฅุนูุงู ูุจุนุถ ุงูุญุงูุฏูู ุนู ูุญุงูููุง ูุดูููุง ุตูุฑุฉ ูุงูุจูุฆุฉ (ูููุงุช ุทุจุนุงู) ุฃุจูุงุกูุง ุงููุงุณ ุงูุทูุจูู ุงูุตุงุฏููู ุดุงุนโฆ","RT @hsnbdeir: #ุดุนุจ_ุงูุณููุฏ

ุจุงูููุช ููู ุงูุฅุนูุงู ูุจุนุถ ุงูุญุงูุฏูู ุนู ูุญุงูููุง ูุดูููุง ุตูุฑุฉ ูุงูุจูุฆุฉ (ูููุงุช ุทุจุนุงู) ุฃุจูุงุกูุง ุงููุงุณ ุงูุทูุจูู ุงูุตุงุฏููู ุดุงุนโฆ",0,0,0,"<a href=""http://twitter.com/download/iphone"" rel=""nofollow"">Twitter for iPhone</a>",Thu Nov 28 23:00:39 +0000 2019,{},0,,1200187778329387010
"RT @mayyish: Largest crowds as of yet in front of the Lebanese central bank right now: ""Our movement is of class-nature, glory to the workeโฆ","RT @mayyish: Largest crowds as of yet in front of the Lebanese central bank right now: ""Our movement is of class-nature, glory to the workeโฆ",0,0,0,"<a href=""https://mobile.twitter.com"" rel=""nofollow"">Twitter Web App</a>",Thu Nov 28 17:30:18 +0000 2019,{},0,{},1200104644053258243
"RT @Roumani_K: ูุน ุฏุฎูู ุงูุญุฑุงู ุงูุซูุฑู ุฃุณุจูุนู ุงูุณุงุจุนุ
ุงูุซูุงุฑ ูุฌุฏูุง ุถุงูุชูู.
ุฏุนูุฉ ุฅูู ุฅุนุชุตุงู ููุชูุญ ุฃูุงู ุงููุตุฑู ุงููุฑูุฒู ูู ุงูุญูุฑุง
ูุณุชุนูู ุจุดุนุงุฑ ุฃโฆ","RT @Roumani_K: ูุน ุฏุฎูู ุงูุญุฑุงู ุงูุซูุฑู ุฃุณุจูุนู ุงูุณุงุจุนุ
ุงูุซูุงุฑ ูุฌุฏูุง ุถุงูุชูู.
ุฏุนูุฉ ุฅูู ุฅุนุชุตุงู ููุชูุญ ุฃูุงู ุงููุตุฑู ุงููุฑูุฒู ูู ุงูุญูุฑุง
ูุณุชุนูู ุจุดุนุงุฑ ุฃโฆ",0,0,0,"<a href=""http://twitter.com/download/iphone"" rel=""nofollow"">Twitter for iPhone</a>",Thu Nov 28 21:39:40 +0000 2019,{},0,,1200167399812739072
RT @Shinickname: ูุงุฒู ุชูุชูู ุจุนุถ ุฎูู ุฑูุงุถ ุงูุตูุญ ููุฏุงู ูุตุฑู ูุจูุงูุ ูู ุฌูุฉ ูููุง ุฑุณุงูุฉ ูููุฉ ููู ุฌูุฉ ุชุงููุฉ ูู ูุฒุงุฑุฉ ุงูุฏุงุฎููุฉ ุจุชุฃููููู ุงูุญูุงูุฉ ๐โฆ,RT @Shinickname: ูุงุฒู ุชูุชูู ุจุนุถ ุฎูู ุฑูุงุถ ุงูุตูุญ ููุฏุงู ูุตุฑู ูุจูุงูุ ูู ุฌูุฉ ูููุง ุฑุณุงูุฉ ูููุฉ ููู ุฌูุฉ ุชุงููุฉ ูู ูุฒุงุฑุฉ ุงูุฏุงุฎููุฉ ุจุชุฃููููู ุงูุญูุงูุฉ ๐โฆ,0,0,0,"<a href=""http://twitter.com/download/android"" rel=""nofollow"">Twitter for Android</a>",Thu Nov 28 10:22:42 +0000 2019,{},0,,1199997033211453441
"RT @carlos2lb2: ูุณูุท ุญูู ุงููุตุฑู!
ูุณูุท ุญูู ุงููุตุฑู!
ูุณูุท ุญูู ุงููุตุฑู!
ูุณูุท ุญูู ุงููุตุฑู!
ูุณูุท ุญูู ุงููุตุฑู!
ูุณูุท ุญูู ุงููุตุฑู!
ูุณูุท ุญูู ุงููุตุฑู!

#ูุณโฆ","RT @carlos2lb2: ูุณูุท ุญูู ุงููุตุฑู!
ูุณูุท ุญูู ุงููุตุฑู!
ูุณูุท ุญูู ุงููุตุฑู!
ูุณูุท ุญูู ุงููุตุฑู!
ูุณูุท ุญูู ุงููุตุฑู!
ูุณูุท ุญูู ุงููุตุฑู!
ูุณูุท ุญูู ุงููุตุฑู!

#ูุณโฆ",0,0,0,"<a href=""http://twitter.com/download/android"" rel=""nofollow"">Twitter for Android</a>",Thu Nov 28 13:05:52 +0000 2019,{},0,{},1200038094772285443
RT @Ahmad__Atallah: ุงูุตุฑุงูุฉ ุนู ููุนุจูุง ุจุงูุฏููุงุฑุ ุงูุจููู ููุจุช ุงููุงููุงุ ุงูุฏููุฉ ุนู ุชุณุฏุฏ ุฏููู ูุณุงุฏูุง ูู ุฌููุจูุง.. ุงููุนุงุดุงุช ูุฒูุช ูุงูุงุดุบุงู ุชูููุช ูุงโฆ,RT @Ahmad__Atallah: ุงูุตุฑุงูุฉ ุนู ููุนุจูุง ุจุงูุฏููุงุฑุ ุงูุจููู ููุจุช ุงููุงููุงุ ุงูุฏููุฉ ุนู ุชุณุฏุฏ ุฏููู ูุณุงุฏูุง ูู ุฌููุจูุง.. ุงููุนุงุดุงุช ูุฒูุช ูุงูุงุดุบุงู ุชูููุช ูุงโฆ,0,0,0,"<a href=""http://twitter.com/download/iphone"" rel=""nofollow"">Twitter for iPhone</a>",Thu Nov 28 17:07:39 +0000 2019,{},0,,1200098941401993217
"RT @Bilal74064209: 30 ุณูุฉ ุญุงูููู ุงูุจูุฏ 
30 ุณูุฉ ุดุฑูุงุก ุงููุงุณุฏูู
30 ุณูุฉ ุณุฑูุฉ
30 ุณูุฉ ูุนุจ ุจุฃููู ุงูุดุนุจ 
30 ุณูุฉ ูุฑุจุญูู ุงูุดุนุจ ุฌูููุฉ
30 ุณูุฉ ูุงุตูู ุฏูโฆ","RT @Bilal74064209: 30 ุณูุฉ ุญุงูููู ุงูุจูุฏ 
30 ุณูุฉ ุดุฑูุงุก ุงููุงุณุฏูู
30 ุณูุฉ ุณุฑูุฉ
30 ุณูุฉ ูุนุจ ุจุฃููู ุงูุดุนุจ 
30 ุณูุฉ ูุฑุจุญูู ุงูุดุนุจ ุฌูููุฉ
30 ุณูุฉ ูุงุตูู ุฏูโฆ",0,0,0,"<a href=""http://twitter.com/download/android"" rel=""nofollow"">Twitter for Android</a>",Thu Nov 28 14:17:33 +0000 2019,{},0,,1200056136583598081
RT @lucienbourjeily: ููุฏุง ุงูุฐู ููููุฏุนูู ุงูุตุบุงุฑ (ูุญุฑููู ูู ุงูุชุตุฑู ุจูุฏุงุฆุนูู ููุฏุฎุฑุงุชูู) ุจูุณุชุญู ููุญุฏู ุซูุฑุฉ ุนุงููุตุงุฑู ูุณูุงุณุงุชูุง ุบูุฑ ุงููุงููููุฉ ูุบูโฆ,RT @lucienbourjeily: ููุฏุง ุงูุฐู ููููุฏุนูู ุงูุตุบุงุฑ (ูุญุฑููู ูู ุงูุชุตุฑู ุจูุฏุงุฆุนูู ููุฏุฎุฑุงุชูู) ุจูุณุชุญู ููุญุฏู ุซูุฑุฉ ุนุงููุตุงุฑู ูุณูุงุณุงุชูุง ุบูุฑ ุงููุงููููุฉ ูุบูโฆ,0,0,0,"<a href=""http://twitter.com/download/android"" rel=""nofollow"">Twitter for Android</a>",Thu Nov 28 14:06:25 +0000 2019,{},0,,1200053334918516736
"RT @LaraJBitar: TT: ""88 EDs directly responsible for current banking situation. They gambled w/ our money &amp; took growing risks to maximizeโฆ","RT @LaraJBitar: TT: ""88 EDs directly responsible for current banking situation. They gambled w/ our money &amp; took growing risks to maximizeโฆ",0,0,0,"<a href=""https://mobile.twitter.com"" rel=""nofollow"">Twitter Web App</a>",Thu Nov 28 09:47:05 +0000 2019,{},0,{},1199988072877821952
RT @Marwa_Laham: @fransabank @FransabankGroup are taking 6 $ for every 1000$ withdrawn. They are charging us for giving back our money !!!โฆ,RT @Marwa_Laham: @fransabank @FransabankGroup are taking 6 $ for every 1000$ withdrawn. They are charging us for giving back our money !!!โฆ,0,0,0,"<a href=""http://twitter.com/download/android"" rel=""nofollow"">Twitter for Android</a>",Wed Nov 27 21:16:42 +0000 2019,{},0,,1199799228844912641
"RT @JoeRaad: ูู ููุช ูุง ุชููู ุจูู ูุง ุญุฏุง ุนุทุงูู ุฎุฑุฌูุฉ
ุงูููู ุตุฑุช ุนู ุจุงุฎุฏ ูุตุฑููู ูู ุงูุจูู
ูฃูู ุฏููุงุฑ ุจุงูุงุณุจูุน
ุจุฏูู ุชุนูุดููุง ุชูุดูุ ูุญู ูู ุฒูุงู ุชูุดูโฆ","RT @JoeRaad: ูู ููุช ูุง ุชููู ุจูู ูุง ุญุฏุง ุนุทุงูู ุฎุฑุฌูุฉ
ุงูููู ุตุฑุช ุนู ุจุงุฎุฏ ูุตุฑููู ูู ุงูุจูู
ูฃูู ุฏููุงุฑ ุจุงูุงุณุจูุน
ุจุฏูู ุชุนูุดููุง ุชูุดูุ ูุญู ูู ุฒูุงู ุชูุดูโฆ",0,0,0,"<a href=""http://twitter.com/download/android"" rel=""nofollow"">Twitter for Android</a>",Wed Nov 27 15:44:26 +0000 2019,{},0,,1199715612072824832
RT @HishamBahmad: This should be done against any Lebanese Bank that takes advantage of the economic situation to impose specific terms andโฆ,RT @HishamBahmad: This should be done against any Lebanese Bank that takes advantage of the economic situation to impose specific terms andโฆ,0,0,0,"<a href=""http://twitter.com/download/android"" rel=""nofollow"">Twitter for Android</a>",Wed Nov 27 13:42:58 +0000 2019,{},0,{},1199685045310623744
"RT @error_510: ุงู ุงูุงุญุชุฑุงู ุงููุจูู ุนูู ุงูุฎูู ุฒุงุฆู ู ูุตูุฑ ุงูุชูุงู ููู ูุถุนู ูุณุจุจู ู ุณูุถุนู ูููุง ูุง!
 ู ุงู ุงูุงุญุชุฑุงู ุงููุจูู ุนูู ุญุจ ููุจุฑ ูุน ุฒูู ู ูโฆ",,0,0,0,"<a href=""http://twitter.com/download/android"" rel=""nofollow"">Twitter for Android</a>",Sat Nov 02 22:45:04 +0000 2019,{},0,,1190761771214217216
"RT @RaniaKhalek: โListen listen you Americans, my countryโs people will not kneel, neither sanctions nor a siege nor to colonial directivesโฆ","RT @RaniaKhalek: โListen listen you Americans, my countryโs people will not kneel, neither sanctions nor a siege nor to colonial directivesโฆ",0,0,0,"<a href=""http://twitter.com/download/iphone"" rel=""nofollow"">Twitter for iPhone</a>",Mon Nov 25 11:52:00 +0000 2019,{},0,,1198932344243204097
"RT @RaniaKhalek: ""Why   #DownWithTheRuleOfTheBank? Because it will also bring down all the beneficiaries of the current system of looting,โฆ","RT @RaniaKhalek: ""Why   #DownWithTheRuleOfTheBank? Because it will also bring down all the beneficiaries of the current system of looting,โฆ",0,0,0,"<a href=""http://twitter.com/download/iphone"" rel=""nofollow"">Twitter for iPhone</a>",Mon Nov 25 11:52:27 +0000 2019,{},0,{},1198932457665503232
"RT @Mohdfaour89: (THREAD)

The issue with an indirect haircut on high net-worth deposits via a freeze on interest rates for X number of yeaโฆ",,0,0,0,"<a href=""http://twitter.com/download/android"" rel=""nofollow"">Twitter for Android</a>",Tue Nov 19 21:25:30 +0000 2019,{},0,{},1196902343486443521
"ุงูุนุฏุงู ุงูุณูููุฉ ุฎูู ุงููุงุณ ุชูุฒู ุนุงูุดุงุฑุน
ุงูุนุฏุงู ุงูุฏููุงุฑ ุฎูุงู ูุนูู ููุงุจู ุงูููุฑุฉ

ูุงุงุง ุนุงุงุงูู ุชุฑููุง ูููู ุงูุชุนุงูู ุจุงูุฏููุงุฑ ูู ุฌููุน ุงูุทุงุจ ููุฑุงูู ุงูุจูุฏ ุงูู ุฃู ูุฎูุถ ุณุนุฑู ููุญูุง ุจุนุฏูุง ุฑุงูุฏูู ูุฑุงุงู

ููููุง ุงูุชุนุงูู ุจุงูุฏููุงุฑ ููููุง ุงูุชุนุงูู ุจุงูุฏููุงุฑ๐ฃ๏ธ๐ฃ๏ธ

#ููููุงุช_ุซูุฑุฉ
#ูุณูุท_ุญูู_ุงููุตุฑู
#ูุจูุงู_ููุชูุถ","ุงูุนุฏุงู ุงูุณูููุฉ ุฎูู ุงููุงุณ ุชูุฒู ุนุงูุดุงุฑุน
ุงูุนุฏุงู ุงูุฏููุงุฑ ุฎูุงู ูุนูู ููุงุจู ุงูููุฑุฉ

ูุงุงุง ุนุงุงุงูู ุชุฑููุง ูููู ุงูุชุนุงูู ุจุงูุฏููุงุฑ ูู ุฌููุน ุงูุทุงุจ ููุฑุงูู ุงูุจูุฏ ุงูู ุฃู ูุฎูุถ ุณุนุฑู ููุญูุง ุจุนุฏูุง ุฑุงูุฏูู ูุฑุงุงู

ููููุง ุงูุชุนุงูู ุจุงูุฏููุงุฑ ููููุง ุงูุชุนุงูู ุจุงูุฏููุงุฑ๐ฃ๏ธ๐ฃ๏ธ

#ููููุงุช_ุซูุฑุฉ
#ูุณูุท_ุญูู_ุงููุตุฑู
#ูุจูุงู_ููุชูุถ",,0,1,"<a href=""http://twitter.com/download/android"" rel=""nofollow"">Twitter for Android</a>",Thu Nov 28 20:55:50 +0000 2019,{},,,1200156367778189313
"ุญุณุจ ุชูุฏูุฑุงุช ุตูุฏูู ุงูููุฏ ุงูุฏูููุ ูุจูุงู(ุงุฐุง ุถู ูู ุจูุฏ) ุฑุญ ูุฏูุน ูฅููช ูู ููุงุฒูุฉ ูขููขู ูุณุฏุงุฏ ุงูุฏูู.
ูุนูู ุงู ุญู ูุง ูุชุถูู ุงูุบุงุก ุงูุฏูู (ุงููู ุงููุญูู ุงูุจุงูุบ ูฆูฃูชูู ูุฌูู ุงูุฏูู) ูู ุญูู ูุงุถู.
#ูุณูุท_ุญูู_ุงููุตุฑู","ุญุณุจ ุชูุฏูุฑุงุช ุตูุฏูู ุงูููุฏ ุงูุฏูููุ ูุจูุงู(ุงุฐุง ุถู ูู ุจูุฏ) ุฑุญ ูุฏูุน ูฅููช ูู ููุงุฒูุฉ ูขููขู ูุณุฏุงุฏ ุงูุฏูู.
ูุนูู ุงู ุญู ูุง ูุชุถูู ุงูุบุงุก ุงูุฏูู (ุงููู ุงููุญูู ุงูุจุงูุบ ูฆูฃูชูู ูุฌูู ุงูุฏูู) ูู ุญูู ูุงุถู.
#ูุณูุท_ุญูู_ุงููุตุฑู",,0,4,"<a href=""http://twitter.com/download/android"" rel=""nofollow"">Twitter for Android</a>",Thu Nov 28 20:05:55 +0000 2019,{},,,1200143805451841538
"ูุนูู ููู ุจุณ ููุนูู .. ููุง ูุฌู ุขุฎูุฑ ุงูุดูุฑ ูุงูุนุงูู ุชูุจุถ ุจุงูุฏููุงุฑ ุงู ูุฆุฉ ูุนููุฉ .. ููููู ุงูุฏููุงุฑ ุนูู ุงูููุฑุฉ ุจูุจูุบ ูููุดุท ุจูุฏุฑุฉ ูุงุฏุฑ ูุนูู ููู ุนู ูุญุฑููุง ุงูุงูุชุตุงุฏ ุงููุจูุงูู ูุงููุฏู ูุงุถุญ .. 

#ูุณูุท_ุญูู_ุงููุตุฑู","ูุนูู ููู ุจุณ ููุนูู .. ููุง ูุฌู ุขุฎูุฑ ุงูุดูุฑ ูุงูุนุงูู ุชูุจุถ ุจุงูุฏููุงุฑ ุงู ูุฆุฉ ูุนููุฉ .. ููููู ุงูุฏููุงุฑ ุนูู ุงูููุฑุฉ ุจูุจูุบ ูููุดุท ุจูุฏุฑุฉ ูุงุฏุฑ ูุนูู ููู ุนู ูุญุฑููุง ุงูุงูุชุตุงุฏ ุงููุจูุงูู ูุงููุฏู ูุงุถุญ .. 

#ูุณูุท_ุญูู_ุงููุตุฑู",,1,9,"<a href=""http://twitter.com/download/android"" rel=""nofollow"">Twitter for Android</a>",Thu Nov 28 19:59:15 +0000 2019,{},,,1200142126601981952
"ุจุณ ูุจุทูู ุฅูุชุตุงุฏูุง ุฑููุนู ููุตูุฑ ุฅูุชุตุงุฏ ููุชุฌ ูููุงูู ููุฏูุน
ุจุณ ูุจุทูู ุฑูุงุถ ุณูุงูุฉ ุนููู ููุฃูุฑูุงู ููุฏูุน
ููุด ุจุณ ูููุ ูุด ุฑุญ ูุฏูุน ูุจุณ ูุฑุฌุน ุณุนุฑ ุตุฑู ุงูููุฑุฉ ูุชุชุญูู ุงููุทุงูุจ ุจุฏูู ุชุฑุฌุนู ุชุฌุฏูููู ูู ุงูููุณูุฑุงุช ุนูููุง ูุจูุง ููุงูุฏ ูุณุงุนุชูุง ูููููุฑ ุฅุฐุง ููุฏูุน
#ูู_ูุฏูุน
#ูุณูุท_ุฑูุงุถ_ุณูุงูุฉ
#ูุณูุท_ุญูู_ุงููุตุฑู","ุจุณ ูุจุทูู ุฅูุชุตุงุฏูุง ุฑููุนู ููุตูุฑ ุฅูุชุตุงุฏ ููุชุฌ ูููุงูู ููุฏูุน
ุจุณ ูุจุทูู ุฑูุงุถ ุณูุงูุฉ ุนููู ููุฃูุฑูุงู ููุฏูุน
ููุด ุจุณ ูููุ ูุด ุฑุญ ูุฏูุน ูุจุณ ูุฑุฌุน ุณุนุฑ ุตุฑู ุงูููุฑุฉ ูุชุชุญูู ุงููุทุงูุจ ุจุฏูู ุชุฑุฌุนู ุชุฌุฏูููู ูู ุงูููุณูุฑุงุช ุนูููุง ูุจูุง ููุงูุฏ ูุณุงุนุชูุง ูููููุฑ ุฅุฐุง ููุฏูุน
#ูู_ูุฏูุน
#ูุณูุท_ุฑูุงุถ_ุณูุงูุฉ
#ูุณูุท_ุญูู_ุงููุตุฑู",,0,0,"<a href=""http://twitter.com/download/iphone"" rel=""nofollow"">Twitter for iPhone</a>",Thu Nov 28 19:53:14 +0000 2019,{},,,1200140614429544448
"ุญูู ุบุงุจ ุงูุฅุนูุงู ุจููู ุชูููุนุงุชู ุนู ููู ุตูุฑุฉ ุงูุชุญุฑููุงุช ุงูุตูุงุฏูุฉ ุถุฏู ุณูุงุณุงุช ูุตุฑู ูุจูุงู .. ูุงูุช #ุงูููุงุฏูู ุญุงุถุฑุฉ ูุชููู ุงููุงูุน ููุง ูู ูุชุตููุจ ุนูู ูุทุงูุจ ุงูููุงุณ ุงููุญููุฉ.
ูุนู ูููุทุงูุจ ุงููุนูุดูุฉ ุงููุญููุฉ ูุญู ุงูุชุธุงูุฑ ุงูุณููู ุจุนูุฏุง ุนู ุงูุฅุญุชูุงู ูุถุฏู ุณูุงุณุงุช ูุตุฑู ูุจูุงูโ๐ป
#ูุณูุท_ุญูู_ุงููุตุฑู https://t.co/rarWwgxWjQ","ุญูู ุบุงุจ ุงูุฅุนูุงู ุจููู ุชูููุนุงุชู ุนู ููู ุตูุฑุฉ ุงูุชุญุฑููุงุช ุงูุตูุงุฏูุฉ ุถุฏู ุณูุงุณุงุช ูุตุฑู ูุจูุงู .. ูุงูุช #ุงูููุงุฏูู ุญุงุถุฑุฉ ูุชููู ุงููุงูุน ููุง ูู ูุชุตููุจ ุนูู ูุทุงูุจ ุงูููุงุณ ุงููุญููุฉ.
ูุนู ูููุทุงูุจ ุงููุนูุดูุฉ ุงููุญููุฉ ูุญู ุงูุชุธุงูุฑ ุงูุณููู ุจุนูุฏุง ุนู ุงูุฅุญุชูุงู ูุถุฏู ุณูุงุณุงุช ูุตุฑู ูุจูุงูโ๐ป
#ูุณูุท_ุญูู_ุงููุตุฑู https://t.co/rarWwgxWjQ",,19,124,"<a href=""http://twitter.com/download/iphone"" rel=""nofollow"">Twitter for iPhone</a>",Thu Nov 28 19:17:49 +0000 2019,{'media': [{'url': 'https://t.co/rarWwgxWjQ'}]},,,1200131701789405187
"ุงู ุงูุชุธุงูุฑุงุช ุงูุนุงุฑูุฉ ุงูุงู ูุตุฑู ูุจูุงู ูู ุงูู ุงูุชุญุฑูุงุช ููุน ุฐูู ุงูููุฏุณุงุช ุงููุงููุฉ ููุณุช ูุญุฏูุง ุณุจุจ ุงูุงูููุงุฑ..ุงูุงุฒูุฉ ุงูุงูุชุตุงุฏูุฉ ุงููููุฉ ูู ูุชูุฌุฉ ููุณูุงุณุงุช ุงูุญููููุฉ ุงููุชุนุงูุจุฉ ุงูุชู ุงููุณุชูุง ุชุฑุจููุง ูุตูุงุนูุง ูุฒุฑุงุนูุง ูุชุฌุงุฑูุง ููุถุช ุนูู ูุทุงุนุชูุง ุงูุงูุชุงุฌูุฉ 
#ูุณูุท_ุญูู_ุงููุตุฑู
#ูุจูุงู_ููุชูุถ","ุงู ุงูุชุธุงูุฑุงุช ุงูุนุงุฑูุฉ ุงูุงู ูุตุฑู ูุจูุงู ูู ุงูู ุงูุชุญุฑูุงุช ููุน ุฐูู ุงูููุฏุณุงุช ุงููุงููุฉ ููุณุช ูุญุฏูุง ุณุจุจ ุงูุงูููุงุฑ..ุงูุงุฒูุฉ ุงูุงูุชุตุงุฏูุฉ ุงููููุฉ ูู ูุชูุฌุฉ ููุณูุงุณุงุช ุงูุญููููุฉ ุงููุชุนุงูุจุฉ ุงูุชู ุงููุณุชูุง ุชุฑุจููุง ูุตูุงุนูุง ูุฒุฑุงุนูุง ูุชุฌุงุฑูุง ููุถุช ุนูู ูุทุงุนุชูุง ุงูุงูุชุงุฌูุฉ 
#ูุณูุท_ุญูู_ุงููุตุฑู
#ูุจูุงู_ููุชูุถ",,0,0,"<a href=""http://twitter.com/download/iphone"" rel=""nofollow"">Twitter for iPhone</a>",Thu Nov 28 18:45:13 +0000 2019,{},,,1200123496317308932
"ุจููุดู ูู ูุงุญุฏ ููุฒูู ุนุงููุตุฑู ุชุญุช ุงูุดูุจ ูุงูุดุชุงุุจุนุฏุง ุตุงุฑู ุนุดุฑุงุชุ ุงูููู ุตุงุฑู ุจุงููููุงุชุ ุงููุดูุฏ ูุทูู ุจุงูุชูุงุฒ ูุนู ูุฑุฌูุนููุง ุงูุงููุ ูุด ุจุณ ูุงูู ูุงุฏุฑูู ูุญุดุฏุ ูุฃูู ููู ุนู ูุดููู ูุชุงุฌ ุชุฑุงูู ุงููุนู ุนูุฏ ุดุนุจูุง
ููุนูุฏ: ูุนุฑูุชูุง ูุด ุทุงุฆููุฉุ ูุนุฑูุชูุง ุทุจููุฉ ุถุฏ ุงูุฑุฃุณูุงููุฉ
#ูุณูุท_ุญูู_ุงููุตุฑู
#ูุจูุงู__ููุชูุถ https://t.co/tumCTLPnDQ","ุจููุดู ูู ูุงุญุฏ ููุฒูู ุนุงููุตุฑู ุชุญุช ุงูุดูุจ ูุงูุดุชุงุุจุนุฏุง ุตุงุฑู ุนุดุฑุงุชุ ุงูููู ุตุงุฑู ุจุงููููุงุชุ ุงููุดูุฏ ูุทูู ุจุงูุชูุงุฒ ูุนู ูุฑุฌูุนููุง ุงูุงููุ ูุด ุจุณ ูุงูู ูุงุฏุฑูู ูุญุดุฏุ ูุฃูู ููู ุนู ูุดููู ูุชุงุฌ ุชุฑุงูู ุงููุนู ุนูุฏ ุดุนุจูุง
ููุนูุฏ: ูุนุฑูุชูุง ูุด ุทุงุฆููุฉุ ูุนุฑูุชูุง ุทุจููุฉ ุถุฏ ุงูุฑุฃุณูุงููุฉ
#ูุณูุท_ุญูู_ุงููุตุฑู
#ูุจูุงู__ููุชูุถ https://t.co/tumCTLPnDQ",,48,381,"<a href=""http://twitter.com/download/iphone"" rel=""nofollow"">Twitter for iPhone</a>",Thu Nov 28 17:30:49 +0000 2019,{'media': [{'url': 'https://t.co/tumCTLPnDQ'}]},,,1200104772965224448
"ูู ุงูู ููู ุจุงูุชุญุฑูุงุช ูู ูุงุณ ูุฏุงู ูุตุฑู ูุจูุงู ุจูุฑูุนู ูููุง ุนู ุจููุงู #ูุณูุท_ุญูู_ุงููุตุฑู ู #ูุณูุท_ุฑูุงุถ_ุณูุงูุฉ ูู ุงูู ููู ููุฏุง ุงูุชุญุฑู ูุงู ูู ุงูุตุญ ู ุงููุถูู!
ู ูู ุงูู ููู ูู ูุงุณ ุนู ุชุฎูู ู ููููู ุจุนุฏ ูู ูุงุณ ุนู ุชููุต ุนุงูุชุญุฑูุงุช ู ุฌุฒุก ุงูุชุจู ุจุนุฏ ูคู ููู ุงูู ูู ูุงุณ ูุถุงู ู ุงุฎูุฑูุง!
#ูุจูุงู_ููุชูุถ","ูู ุงูู ููู ุจุงูุชุญุฑูุงุช ูู ูุงุณ ูุฏุงู ูุตุฑู ูุจูุงู ุจูุฑูุนู ูููุง ุนู ุจููุงู #ูุณูุท_ุญูู_ุงููุตุฑู ู #ูุณูุท_ุฑูุงุถ_ุณูุงูุฉ ูู ุงูู ููู ููุฏุง ุงูุชุญุฑู ูุงู ูู ุงูุตุญ ู ุงููุถูู!
ู ูู ุงูู ููู ูู ูุงุณ ุนู ุชุฎูู ู ููููู ุจุนุฏ ูู ูุงุณ ุนู ุชููุต ุนุงูุชุญุฑูุงุช ู ุฌุฒุก ุงูุชุจู ุจุนุฏ ูคู ููู ุงูู ูู ูุงุณ ูุถุงู ู ุงุฎูุฑูุง!
#ูุจูุงู_ููุชูุถ",,15,102,"<a href=""http://twitter.com/download/iphone"" rel=""nofollow"">Twitter for iPhone</a>",Thu Nov 28 16:50:27 +0000 2019,{},,,1200094615497576449
"ุชุญูุฉ ุดูุฑ ููุคุณุณุฉ""ุงููุฑุถ ุงูุญุณู"" ูุชููููุง ุฃูุถุงุน ุงูุจูุฏ ูุฃุฒูุงุช ุงููุงุณ ุงููุนูุดูุฉ ูููุช ูุนูู ูุทูุจุช ูู ุฃุตุญุงุจ ุงููุฑูุถ ุงูุชู ุงุณุชุญูุช ุฏูุนุชููโูุฏ ูุง ูุนู ุงุฏูุนุ ูุงุฐุง ูุง ูุนู ุนูู ููููโ 
ูุฐู ุงููุคุณุณุฉ ุงูุชู ุชุซุจุช ููู ุจุนุฏ ููู ุงููุง ูุน ุงููุงุณ ู ููุณุช ุนูููู.๐น
ุฃููุง ุงููุตุงุฑู ูุญูุชุงููุงุ ุงููู ูุง ูุดุจุนูู
#ูุณูุท_ุญูู_ุงููุตุฑู","ุชุญูุฉ ุดูุฑ ููุคุณุณุฉ""ุงููุฑุถ ุงูุญุณู"" ูุชููููุง ุฃูุถุงุน ุงูุจูุฏ ูุฃุฒูุงุช ุงููุงุณ ุงููุนูุดูุฉ ูููุช ูุนูู ูุทูุจุช ูู ุฃุตุญุงุจ ุงููุฑูุถ ุงูุชู ุงุณุชุญูุช ุฏูุนุชููโูุฏ ูุง ูุนู ุงุฏูุนุ ูุงุฐุง ูุง ูุนู ุนูู ููููโ 
ูุฐู ุงููุคุณุณุฉ ุงูุชู ุชุซุจุช ููู ุจุนุฏ ููู ุงููุง ูุน ุงููุงุณ ู ููุณุช ุนูููู.๐น
ุฃููุง ุงููุตุงุฑู ูุญูุชุงููุงุ ุงููู ูุง ูุดุจุนูู
#ูุณูุท_ุญูู_ุงููุตุฑู",,15,51,"<a href=""https://mobile.twitter.com"" rel=""nofollow"">Twitter Web App</a>",Thu Nov 28 14:11:25 +0000 2019,{},,,1200054591192289281
"ูุจู ูุง ุชุตุจ ุบุถุจู ุนูู ุงูุจููู ูู ูุจูุงูุ ุงุนุฑู ุงูู ูุตุฑูุงุชู ุงูุนุทูุง ููุฏููุฉุ ูุงูุฏููุฉ ุตุฑูุชู (ูุฏุฑ) ุน ูุนุงุดุงุชุ ุณูุณูุฉุ ุณุฏูุฏุ ุจูุงุฎุฑ..
ุดู ุจูููุน ููู ุชุตุฑุฎ ุน ุงูุจููุ ุฅุฒุง ุจูุฑุง ุขู ุญูููุฉ ุฌุฏูุฏุฉ ูุงุฏุฑุฉ ุชุนูู ููู ุงูุซุฑุ
ูุง ุงูุช ุซูุฑุชู ูุฑุงูุง ููุงูุง ูุฎููุฉ ูุง ูุนูุงู ูุด ูุงูู ุงููุถุน
#ูุณูุท_ุญูู_ุงููุตุฑู #ูุจูุงู_ูุชููุถ https://t.co/YwhAmVQBUp","ูุจู ูุง ุชุตุจ ุบุถุจู ุนูู ุงูุจููู ูู ูุจูุงูุ ุงุนุฑู ุงูู ูุตุฑูุงุชู ุงูุนุทูุง ููุฏููุฉุ ูุงูุฏููุฉ ุตุฑูุชู (ูุฏุฑ) ุน ูุนุงุดุงุชุ ุณูุณูุฉุ ุณุฏูุฏุ ุจูุงุฎุฑ..
ุดู ุจูููุน ููู ุชุตุฑุฎ ุน ุงูุจููุ ุฅุฒุง ุจูุฑุง ุขู ุญูููุฉ ุฌุฏูุฏุฉ ูุงุฏุฑุฉ ุชุนูู ููู ุงูุซุฑุ
ูุง ุงูุช ุซูุฑุชู ูุฑุงูุง ููุงูุง ูุฎููุฉ ูุง ูุนูุงู ูุด ูุงูู ุงููุถุน
#ูุณูุท_ุญูู_ุงููุตุฑู #ูุจูุงู_ูุชููุถ https://t.co/YwhAmVQBUp",,1,4,"<a href=""http://twitter.com/download/iphone"" rel=""nofollow"">Twitter for iPhone</a>",Thu Nov 28 11:30:04 +0000 2019,{'media': [{'url': 'https://t.co/YwhAmVQBUp'}]},,,1200013986198179841
"๐ุงูููู ูค:ูฃู ุฑุญ ูุชุฌูุน ุฃูุงู ุฌูุนูุฉ ุงููุตุงุฑู (ุชูุงุทุน ุงูุฌููุฒุฉ).
๐ุฑุญ ููุดู ุตูุจ ุงูููุฆุงุช ุงูุฅูุชุตุงุฏูุฉ (ุชูุงุทุน ุณุจูุฑุฒ).
๐ูุนุงู ูฅ:ูฃู ุฑุญ ูููู ุน ูุตุฑู ูุจูุงู (ุฃูู ุงูุญูุฑุง).
๐ููุถู ููุง ุงูุฃุณุชุงุฐ ูุญูุฏ ุฒุจูุจ ุจูุฏูุฉ ููุงุด ุงูุชุตุงุฏูุฉ ููุญุงุถุฑููู. 
(ููููุง ุนู ูุฑูู ุบุงูู)
#ูุฌูุงู_ูุนููุฉ_ูุงุจุทุฉ
#ูุณูุท_ุญูู_ุงููุตุฑู","๐ุงูููู ูค:ูฃู ุฑุญ ูุชุฌูุน ุฃูุงู ุฌูุนูุฉ ุงููุตุงุฑู (ุชูุงุทุน ุงูุฌููุฒุฉ).
๐ุฑุญ ููุดู ุตูุจ ุงูููุฆุงุช ุงูุฅูุชุตุงุฏูุฉ (ุชูุงุทุน ุณุจูุฑุฒ).
๐ูุนุงู ูฅ:ูฃู ุฑุญ ูููู ุน ูุตุฑู ูุจูุงู (ุฃูู ุงูุญูุฑุง).
๐ููุถู ููุง ุงูุฃุณุชุงุฐ ูุญูุฏ ุฒุจูุจ ุจูุฏูุฉ ููุงุด ุงูุชุตุงุฏูุฉ ููุญุงุถุฑููู. 
(ููููุง ุนู ูุฑูู ุบุงูู)
#ูุฌูุงู_ูุนููุฉ_ูุงุจุทุฉ
#ูุณูุท_ุญูู_ุงููุตุฑู",,1,2,"<a href=""http://twitter.com/download/android"" rel=""nofollow"">Twitter for Android</a>",Thu Nov 28 09:19:06 +0000 2019,{},,,1199981029576134656
"ูู ุฃูุงู ูุตุฑู ูุจูุงู ููุฐ ูููู
... #ูุจูุงู_ููุชูุถ https://t.co/5ccisNcRs9","ูู ุฃูุงู ูุตุฑู ูุจูุงู ููุฐ ูููู
... #ูุจูุงู_ููุชูุถ https://t.co/5ccisNcRs9",22,28,294,"<a href=""http://twitter.com/download/android"" rel=""nofollow"">Twitter for Android</a>",Thu Nov 28 16:12:57 +0000 2019,{'media': [{'url': 'https://t.co/5ccisNcRs9'}]},3,,1200085178628083712
"ูุฃูู ููููุง ุงูููู ุฃู ุชุจูุงู ููุบูุฑุจุฉ ๐
#ุงูุซูุฑุฉ_ุฃูุงูุฉ","ูุฃูู ููููุง ุงูููู ุฃู ุชุจูุงู ููุบูุฑุจุฉ ๐
#ุงูุซูุฑุฉ_ุฃูุงูุฉ",15,8,86,"<a href=""http://twitter.com/download/android"" rel=""nofollow"">Twitter for Android</a>",Thu Nov 28 18:40:42 +0000 2019,{},3,,1200122361627983872
ูุตูู ูุฌููุนุฉ ุฌุฏูุฏุฉ ุฅูู #ูุตุฑู_ูุจูุงู  https://t.co/vvJvotBvZB,ูุตูู ูุฌููุนุฉ ุฌุฏูุฏุฉ ุฅูู #ูุตุฑู_ูุจูุงู  https://t.co/vvJvotBvZB,1,16,57,"<a href=""http://twitter.com/download/android"" rel=""nofollow"">Twitter for Android</a>",Thu Nov 28 15:44:56 +0000 2019,{},2,,1200078125499064320
https://t.co/AE6YGEI6pW,https://t.co/AE6YGEI6pW,0,0,1,"<a href=""http://twitter.com/download/iphone"" rel=""nofollow"">Twitter for iPhone</a>",Thu Nov 28 15:42:19 +0000 2019,{'media': [{'url': 'https://t.co/AE6YGEI6pW'}]},1,,1200077466590732288
"ุฅุทูุงู ุฃููู ุจูู ููุญููุงูุงุช ุงูููููุฉ ูู ุงูุนุงูู ููุตุงุจู ุงูุฅูุฏุฒ ูู ูููุฒูููุฏุง
https://t.co/HBkDSx7HjZ
#ูููุนุงุช_mtvโฆ https://t.co/ztivgWlcBk","ุฅุทูุงู ุฃููู ุจูู ููุญููุงูุงุช ุงูููููุฉ ูู ุงูุนุงูู ููุตุงุจู ุงูุฅูุฏุฒ ูู ูููุฒูููุฏุง
https://t.co/HBkDSx7HjZ
#ูููุนุงุช_mtv #mtvlebanon https://t.co/1oJUbu0caJ",2,0,4,"<a href=""https://about.twitter.com/products/tweetdeck"" rel=""nofollow"">TweetDeck</a>",Thu Nov 28 08:00:00 +0000 2019,{},2,,1199961123539152896
"ูุตุฏุฑ ูุงูู: #ูุจูุงู ุณุฏูุฏ ุณูุฏุงุช ุฏูููุฉ ูููุชูุง 1.5 ูููุงุฑ ุฏููุงุฑ ุชูุณุชุญู ุงูููู ุงูุฎููุณ (ุฑููุชุฑุฒ)
#lebanon24","ูุตุฏุฑ ูุงูู: #ูุจูุงู ุณุฏูุฏ ุณูุฏุงุช ุฏูููุฉ ูููุชูุง 1.5 ูููุงุฑ ุฏููุงุฑ ุชูุณุชุญู ุงูููู ุงูุฎููุณ (ุฑููุชุฑุฒ)
#lebanon24",1,3,5,"<a href=""https://mobile.twitter.com"" rel=""nofollow"">Twitter Web App</a>",Thu Nov 28 07:39:21 +0000 2019,{},6,,1199955925290946561
ุจุงูุจููู ูุดููุณุฉ ูุฃูุง ุนู ุจุนูู ski ุนูู ุงู 2250,ุจุงูุจููู ูุดููุณุฉ ูุฃูุง ุนู ุจุนูู ski ุนูู ุงู 2250,5,30,131,"<a href=""http://twitter.com/download/android"" rel=""nofollow"">Twitter for Android</a>",Thu Nov 28 06:39:25 +0000 2019,{},3,,1199940842775027712
ูุงุญุฏ ุฒุงุฆุฏ ูุงุญุฏุ,ูุงุญุฏ ุฒุงุฆุฏ ูุงุญุฏุ,21,0,16,"<a href=""http://twitter.com/download/iphone"" rel=""nofollow"">Twitter for iPhone</a>",Wed Nov 27 20:47:38 +0000 2019,{},5,,1199791917074137088
"ุงู ูู ุชููู ุซูุซู ููููุ ูุฃูุช ุนุจุฏ
- ููุชุดู","ุงู ูู ุชููู ุซูุซู ููููุ ูุฃูุช ุนุจุฏ
- ููุชุดู",4,12,58,"<a href=""http://twitter.com/download/iphone"" rel=""nofollow"">Twitter for iPhone</a>",Wed Nov 27 21:53:48 +0000 2019,{},1,,1199808566779088896
"ุชููุช ุจุญุจ ุฑูุงุถ ุณูุงูู ๐๐๐๐
#ูุจูุงู_ููุชูุถ","ุชููุช ุจุญุจ ุฑูุงุถ ุณูุงูู ๐๐๐๐
#ูุจูุงู_ููุชูุถ",9,2,13,"<a href=""http://twitter.com/download/android"" rel=""nofollow"">Twitter for Android</a>",Wed Nov 27 09:16:31 +0000 2019,{},2,,1199617989768884224
"ูู ุชุนูู ุงูู ุงุฐุง ุตุฑุฎุช ุดูุนุฉ ุดูุนุฉ ุจุฃููู ุตูุชู ููุฏุฉ ูฆ ุณุงุนุงุช ูุชูุงุตูุฉ ุญูุถู ุงูุฏููุงุฑ ุจุฃูููู ูุญูุถู ุงูุจูู ุนู ูุดุญุฏู ูุตุฑูุงุชูุ 
#ูุนูููุงุช_ูุง_ุชููู","ูู ุชุนูู ุงูู ุงุฐุง ุตุฑุฎุช ุดูุนุฉ ุดูุนุฉ ุจุฃููู ุตูุชู ููุฏุฉ ูฆ ุณุงุนุงุช ูุชูุงุตูุฉ ุญูุถู ุงูุฏููุงุฑ ุจุฃูููู ูุญูุถู ุงูุจูู ุนู ูุดุญุฏู ูุตุฑูุงุชูุ 
#ูุนูููุงุช_ูุง_ุชููู",9,50,279,"<a href=""http://twitter.com/download/android"" rel=""nofollow"">Twitter for Android</a>",Tue Nov 26 20:43:07 +0000 2019,{},3,,1199428390681493505
"ุงูุญุฑูุฑู: ูู ุฃููู ""ูููู ุชูููุณุฉ""

https://t.co/H4JiJK9aCJ https://t.co/DK6P2PU1HA",,107,9,160,"<a href=""https://about.twitter.com/products/tweetdeck"" rel=""nofollow"">TweetDeck</a>",Mon Nov 25 15:54:44 +0000 2019,{'media': [{'url': 'https://t.co/DK6P2PU1HA'}]},97,,1198993431151992833
"ุจุงูููุฏูู: ูุชุธุงูุฑูู ููุชุญููู #ูุตุฑู_ูุจูุงู ููุจุซููู ุจูุงููุง ูู ุฏุงุฎููู
https://t.co/xP12RkymWp
#ูุจูุงู #ูุจูุงู_ููุชูุถโฆ https://t.co/WRJ4aPqDBe",,3,5,25,"<a href=""https://mobile.twitter.com"" rel=""nofollow"">Twitter Web App</a>",Thu Nov 21 13:13:59 +0000 2019,{},1,,1197503423563874304
ูุด ุจุณ ุณุฑููุง ูุตุฑูุงุชููุ ุญุชู ุงููุตุงุฑู ุงููู ุจุฏูู ุชุนููููุง ุจูุฑุง ุงูุณุฑูุช ูุจุงุฑุญ.,,5,19,113,"<a href=""http://twitter.com/download/android"" rel=""nofollow"">Twitter for Android</a>",Thu Nov 21 08:36:06 +0000 2019,{},3,,1197433491752919040
"Rumor has it that the black market paid monthly salaries in hard currency yesterday, which eased pressure on the demand for usd.
Obviously this is not sustainable and we'll see lbp/usd back to the higher levels sooner than later
@lebfinance @loubnanouna1 @HuseinNourdin @dan_azzi","Rumor has it that the black market paid monthly salaries in hard currency yesterday, which eased pressure on the demand for usd.
Obviously this is not sustainable and we'll see lbp/usd back to the higher levels sooner than later
@lebfinance @loubnanouna1 @HuseinNourdin @dan_azzi",,2,10,"<a href=""http://twitter.com/download/android"" rel=""nofollow"">Twitter for Android</a>",Fri Nov 29 07:10:22 +0000 2019,{},,,1200311019073101825
"ุฒุนูุงุก ุงูุณูุทุฉ ุงููุงุณุฏุฉ ูุจุฑู ุงูููุฑ
ู""ุงูุซูุฑุฉ"" ุงููุฒุนููุฉ ุฑุญ ุชูุจุฑ ุงูููุฑุงุก
#ุจุฃุณุชุซูุงุก","ุฒุนูุงุก ุงูุณูุทุฉ ุงููุงุณุฏุฉ ูุจุฑู ุงูููุฑ
ู""ุงูุซูุฑุฉ"" ุงููุฒุนููุฉ ุฑุญ ุชูุจุฑ ุงูููุฑุงุก
#ุจุฃุณุชุซูุงุก",,23,184,"<a href=""http://twitter.com/download/iphone"" rel=""nofollow"">Twitter for iPhone</a>",Fri Nov 29 06:16:21 +0000 2019,{},,,1200297426294325248
